2025-11-21 01:23:37,455 [INFO] [main]: Application starting up.
2025-11-21 01:23:37,455 [DEBUG] [asyncio]: Using proactor: IocpProactor
2025-11-21 01:23:37,455 [INFO] [main]: 🚀 Starting Delta Institutional Trading Bot
2025-11-21 01:23:37,455 [INFO] [main]: ✅ API Credentials loaded.
2025-11-21 01:23:37,471 [INFO] [main]: 📄 Log listener started for thread-safe logging.
2025-11-21 01:23:37,475 [INFO] [main]: 📡 Connected to Redis at redis://localhost:6379/0
2025-11-21 01:23:37,475 [INFO] [main]: 🔗 HTTP ClientSession created
2025-11-21 01:23:37,794 [INFO] [signing]: ✅ Server time offset synced: -0.79 seconds.
2025-11-21 01:23:37,794 [INFO] [api_client]: ✅ DeltaAPIClient initialized.
2025-11-21 01:23:37,794 [INFO] [main]: 🔐 Centralized DeltaAPIClient created
2025-11-21 01:23:37,794 [INFO] [risk_manager]: ✅ RiskManager initialized (In-memory defaults): Max Drawdown=15.0%, Daily Loss Limit=5.0%
2025-11-21 01:23:37,796 [INFO] [risk_manager]: 💾 No Current Equity found, setting from Peak: 1.00
2025-11-21 01:23:37,796 [INFO] [risk_manager]: RiskManager daily reset loop started.
2025-11-21 01:23:39,548 [DEBUG] [matplotlib]: matplotlib data path: C:\deltaBot\Bot\.venv\Lib\site-packages\matplotlib\mpl-data
2025-11-21 01:23:39,553 [DEBUG] [matplotlib]: CONFIGDIR=C:\Users\mdfai\.matplotlib
2025-11-21 01:23:39,555 [DEBUG] [matplotlib]: interactive is False
2025-11-21 01:23:39,555 [DEBUG] [matplotlib]: platform is win32
2025-11-21 01:23:39,651 [INFO] [ml_strategy]: ✅ Successfully loaded model. Expects 40 features.
2025-11-21 01:23:39,651 [INFO] [executor]: ✅ OrderExecutionManager initialized (using DeltaAPIClient).
2025-11-21 01:23:39,651 [INFO] [risk_manager]: RiskManager reset: Sleeping for 14780 seconds (until 00:00 UTC).
2025-11-21 01:23:39,652 [INFO] [main]: 🩺 Health check server started on http://0.0.0.0:9090/healthz
2025-11-21 01:23:39,652 [INFO] [ws_manager]: 🔌 Connecting to WS: wss://socket.india.delta.exchange
2025-11-21 01:23:39,653 [INFO] [feature_engine]: 🔒 Acquired priming lock. Starting history fetch...
2025-11-21 01:23:39,653 [INFO] [feature_engine]: Priming candle history for all symbols...
2025-11-21 01:23:39,653 [INFO] [feature_engine]: Initialized new order book for BTCUSD
2025-11-21 01:23:39,653 [INFO] [feature_engine]: Initialized new trade log (deque) for BTCUSD
2025-11-21 01:23:39,653 [INFO] [feature_engine]: Initialized new feature set for BTCUSD
2025-11-21 01:23:39,653 [INFO] [feature_engine]: Initialized new candle cache for BTCUSD
2025-11-21 01:23:39,654 [INFO] [feature_engine]: Initialized readiness state for BTCUSD
2025-11-21 01:23:39,654 [DEBUG] [feature_engine]: Fetching history: BTCUSD 1m (Limit: 150)...
2025-11-21 01:23:39,655 [INFO] [ml_strategy]: ▶️ Hybrid Strategy Engine Starting (ML + Mean Reversion)...
2025-11-21 01:23:39,655 [INFO] [executor]: ▶️ OrderExecutionManager starting (listening for signals)...
2025-11-21 01:23:39,655 [INFO] [tsl_manager]: ▶️ TSLManager starting...
2025-11-21 01:23:39,661 [INFO] [monitor]: 🚀 Position Monitor started - waiting for events on delta:monitoring and delta:private:ws
2025-11-21 01:23:39,665 [INFO] [feature_engine]: ✅ FeatureEngine subscribed to delta:raw:ws and waiting for messages...
2025-11-21 01:23:39,848 [INFO] [feature_engine]: ✅ Primed 224 candles for BTCUSD 1m
2025-11-21 01:23:40,161 [DEBUG] [feature_engine]: Fetching history: BTCUSD 5m (Limit: 150)...
2025-11-21 01:23:40,348 [INFO] [feature_engine]: ✅ Primed 225 candles for BTCUSD 5m
2025-11-21 01:23:40,662 [DEBUG] [feature_engine]: Fetching history: BTCUSD 15m (Limit: 150)...
2025-11-21 01:23:40,842 [INFO] [feature_engine]: ✅ Primed 225 candles for BTCUSD 15m
2025-11-21 01:23:41,149 [DEBUG] [feature_engine]: Fetching history: BTCUSD 1h (Limit: 150)...
2025-11-21 01:23:41,314 [INFO] [ws_manager]: ✅ Connected to Delta WebSocket
2025-11-21 01:23:41,314 [INFO] [ws_manager]: ❤️ Sent request to enable Delta WebSocket heartbeat.
2025-11-21 01:23:41,314 [INFO] [ws_manager]: 📈 Subscribed to 12 channels for ['BTCUSD', 'ETHUSD', 'SOLUSD']
2025-11-21 01:23:41,314 [DEBUG] [ws_manager]: Subscribed to: ['v2/ticker', 'l2_updates', 'all_trades', 'funding_rate', 'mark_price', 'v2/spot_price', 'candlestick_1m', 'candlestick_5m', 'candlestick_15m', 'candlestick_1h', 'candlestick_4h', 'candlestick_1d']
2025-11-21 01:23:41,314 [DEBUG] [signing]: 🧮 WS Auth Signature base: GET1763668420/live
2025-11-21 01:23:41,314 [DEBUG] [signing]: 🧾 WS Auth Computed signature: 6fcf1587b19d0c65abf813ddff9e2ec69a0fbdc2890ba11a92c24eadb5cd6d62
2025-11-21 01:23:41,314 [INFO] [ws_manager]: 🔐 Sent authentication payload to WebSocket
2025-11-21 01:23:41,318 [INFO] [ws_manager]: 👂 Listening to internal control channel: delta:control
2025-11-21 01:23:41,330 [INFO] [feature_engine]: ✅ Primed 225 candles for BTCUSD 1h
2025-11-21 01:23:41,632 [DEBUG] [feature_engine]: Fetching history: BTCUSD 4h (Limit: 150)...
2025-11-21 01:23:41,819 [INFO] [feature_engine]: ✅ Primed 225 candles for BTCUSD 4h
2025-11-21 01:23:41,871 [INFO] [ws_manager]: 🛰️ WS Message: all_trades_snapshot
2025-11-21 01:23:41,871 [INFO] [ws_manager]: 🛰️ WS Message: all_trades_snapshot
2025-11-21 01:23:41,871 [INFO] [ws_manager]: 🛰️ WS Message: all_trades_snapshot
2025-11-21 01:23:41,886 [INFO] [ws_manager]: 🛰️ WS Message: funding_rate
2025-11-21 01:23:41,887 [INFO] [ws_manager]: 🛰️ WS Message: funding_rate
2025-11-21 01:23:41,888 [INFO] [ws_manager]: 🛰️ WS Message: funding_rate
2025-11-21 01:23:41,890 [INFO] [ws_manager]: 🛰️ WS Message: v2/spot_price
2025-11-21 01:23:41,891 [INFO] [ws_manager]: 🛰️ WS Message: v2/spot_price
2025-11-21 01:23:41,892 [INFO] [ws_manager]: 🛰️ WS Message: v2/spot_price
2025-11-21 01:23:41,892 [INFO] [ws_manager]: 🛰️ WS Message: candlestick_1m
2025-11-21 01:23:41,894 [INFO] [ws_manager]: 🛰️ WS Message: candlestick_1m
2025-11-21 01:23:41,894 [INFO] [ws_manager]: 🛰️ WS Message: candlestick_1m
2025-11-21 01:23:41,895 [INFO] [ws_manager]: 🛰️ WS Message: candlestick_5m
2025-11-21 01:23:41,895 [INFO] [ws_manager]: 🛰️ WS Message: candlestick_5m
2025-11-21 01:23:41,896 [INFO] [ws_manager]: 🛰️ WS Message: candlestick_5m
2025-11-21 01:23:41,897 [INFO] [ws_manager]: 🛰️ WS Message: candlestick_15m
2025-11-21 01:23:41,897 [INFO] [ws_manager]: 🛰️ WS Message: candlestick_15m
2025-11-21 01:23:41,898 [INFO] [ws_manager]: 🛰️ WS Message: candlestick_15m
2025-11-21 01:23:41,899 [INFO] [ws_manager]: 🛰️ WS Message: candlestick_1h
2025-11-21 01:23:41,899 [INFO] [ws_manager]: 🛰️ WS Message: candlestick_1h
2025-11-21 01:23:41,899 [INFO] [ws_manager]: 🛰️ WS Message: candlestick_1h
2025-11-21 01:23:41,900 [INFO] [ws_manager]: 🛰️ WS Message: candlestick_4h
2025-11-21 01:23:41,901 [INFO] [ws_manager]: 🛰️ WS Message: candlestick_4h
2025-11-21 01:23:41,901 [INFO] [ws_manager]: 🛰️ WS Message: candlestick_4h
2025-11-21 01:23:41,902 [INFO] [ws_manager]: 🛰️ WS Message: candlestick_1d
2025-11-21 01:23:41,902 [INFO] [ws_manager]: 🛰️ WS Message: candlestick_1d
2025-11-21 01:23:41,902 [INFO] [ws_manager]: 🛰️ WS Message: candlestick_1d
2025-11-21 01:23:41,902 [INFO] [ws_manager]: 🛰️ WS Message: key-auth
2025-11-21 01:23:41,902 [INFO] [ws_manager]: ✅ Authenticated successfully
2025-11-21 01:23:41,902 [INFO] [ws_manager]: 🧠 Subscribed to private channels (orders, positions, v2/user_trades, margins)
2025-11-21 01:23:41,904 [INFO] [ws_manager]: 🛰️ WS Message: candlestick_15m
2025-11-21 01:23:41,904 [INFO] [ws_manager]: 🛰️ WS Message: v2/spot_price
2025-11-21 01:23:41,905 [INFO] [ws_manager]: 🛰️ WS Message: candlestick_1h
2025-11-21 01:23:41,925 [INFO] [ws_manager]: 🛰️ WS Message: candlestick_1m
2025-11-21 01:23:41,925 [INFO] [ws_manager]: 🛰️ WS Message: candlestick_15m
2025-11-21 01:23:41,927 [INFO] [ws_manager]: 🛰️ WS Message: candlestick_1d
2025-11-21 01:23:41,927 [INFO] [ws_manager]: 🛰️ WS Message: candlestick_1h
2025-11-21 01:23:41,928 [INFO] [ws_manager]: 🛰️ WS Message: candlestick_1d
2025-11-21 01:23:41,928 [INFO] [ws_manager]: 🛰️ WS Message: candlestick_5m
2025-11-21 01:23:41,928 [INFO] [ws_manager]: 🛰️ WS Message: candlestick_1m
2025-11-21 01:23:41,930 [INFO] [ws_manager]: 🛰️ WS Message: candlestick_4h
2025-11-21 01:23:41,930 [INFO] [ws_manager]: 🛰️ WS Message: candlestick_5m
2025-11-21 01:23:41,930 [INFO] [ws_manager]: 🛰️ WS Message: candlestick_4h
2025-11-21 01:23:41,932 [INFO] [ws_manager]: 🛰️ WS Message: v2/spot_price
2025-11-21 01:23:41,932 [INFO] [ws_manager]: 🛰️ WS Message: v2/spot_price
2025-11-21 01:23:42,007 [INFO] [ws_manager]: 🛰️ WS Message: candlestick_15m
2025-11-21 01:23:42,007 [INFO] [ws_manager]: 🛰️ WS Message: candlestick_1d
2025-11-21 01:23:42,008 [INFO] [ws_manager]: 🛰️ WS Message: candlestick_1h
2025-11-21 01:23:42,008 [INFO] [ws_manager]: 🛰️ WS Message: candlestick_1m
2025-11-21 01:23:42,010 [INFO] [ws_manager]: 🛰️ WS Message: candlestick_4h
2025-11-21 01:23:42,011 [INFO] [ws_manager]: 🛰️ WS Message: candlestick_5m
2025-11-21 01:23:42,035 [INFO] [ws_manager]: 🛰️ WS Message: candlestick_1h
2025-11-21 01:23:42,038 [INFO] [ws_manager]: 🛰️ WS Message: candlestick_15m
2025-11-21 01:23:42,038 [INFO] [ws_manager]: 🛰️ WS Message: candlestick_1m
2025-11-21 01:23:42,039 [INFO] [ws_manager]: 🛰️ WS Message: candlestick_1d
2025-11-21 01:23:42,040 [INFO] [ws_manager]: 🛰️ WS Message: candlestick_15m
2025-11-21 01:23:42,040 [INFO] [ws_manager]: 🛰️ WS Message: candlestick_1d
2025-11-21 01:23:42,041 [INFO] [ws_manager]: 🛰️ WS Message: candlestick_4h
2025-11-21 01:23:42,041 [INFO] [ws_manager]: 🛰️ WS Message: candlestick_1m
2025-11-21 01:23:42,041 [INFO] [ws_manager]: 🛰️ WS Message: candlestick_1h
2025-11-21 01:23:42,042 [INFO] [ws_manager]: 🛰️ WS Message: candlestick_5m
2025-11-21 01:23:42,043 [INFO] [ws_manager]: 🛰️ WS Message: candlestick_5m
2025-11-21 01:23:42,051 [INFO] [ws_manager]: 🛰️ WS Message: candlestick_4h
2025-11-21 01:23:42,059 [INFO] [ws_manager]: 🛰️ WS Message: positions
2025-11-21 01:23:42,060 [INFO] [ws_manager]: 🛰️ WS Message: orders
2025-11-21 01:23:42,120 [DEBUG] [feature_engine]: Fetching history: BTCUSD 1d (Limit: 2000)...
2025-11-21 01:23:42,320 [INFO] [feature_engine]: ✅ Primed 693 candles for BTCUSD 1d
2025-11-21 01:23:42,467 [INFO] [ws_manager]: 🛰️ WS Message: candlestick_1m
2025-11-21 01:23:42,483 [INFO] [ws_manager]: 🛰️ WS Message: candlestick_15m
2025-11-21 01:23:42,483 [INFO] [ws_manager]: 🛰️ WS Message: candlestick_5m
2025-11-21 01:23:42,485 [INFO] [ws_manager]: 🛰️ WS Message: candlestick_4h
2025-11-21 01:23:42,485 [INFO] [ws_manager]: 🛰️ WS Message: candlestick_1d
2025-11-21 01:23:42,486 [INFO] [ws_manager]: 🛰️ WS Message: candlestick_1h
2025-11-21 01:23:42,524 [INFO] [ws_manager]: 🛰️ WS Message: candlestick_1d
2025-11-21 01:23:42,525 [INFO] [ws_manager]: 🛰️ WS Message: candlestick_15m
2025-11-21 01:23:42,526 [INFO] [ws_manager]: 🛰️ WS Message: candlestick_4h
2025-11-21 01:23:42,526 [INFO] [ws_manager]: 🛰️ WS Message: candlestick_1m
2025-11-21 01:23:42,527 [INFO] [ws_manager]: 🛰️ WS Message: v2/spot_price
2025-11-21 01:23:42,527 [INFO] [ws_manager]: 🛰️ WS Message: candlestick_5m
2025-11-21 01:23:42,529 [INFO] [ws_manager]: 🛰️ WS Message: candlestick_1h
2025-11-21 01:23:42,535 [INFO] [ws_manager]: 🛰️ WS Message: v2/spot_price
2025-11-21 01:23:42,553 [INFO] [ws_manager]: 🛰️ WS Message: v2/spot_price
2025-11-21 01:23:42,636 [DEBUG] [feature_engine]: Fetching history: BTCUSD 1w (Limit: 2000)...
2025-11-21 01:23:42,714 [INFO] [ws_manager]: 🛰️ WS Message: v2/ticker
2025-11-21 01:23:42,800 [INFO] [ws_manager]: 🛰️ WS Message: v2/ticker
2025-11-21 01:23:42,842 [INFO] [feature_engine]: ✅ Primed 100 candles for BTCUSD 1w
2025-11-21 01:23:42,888 [INFO] [ws_manager]: 🛰️ WS Message: v2/ticker
2025-11-21 01:23:43,168 [INFO] [feature_engine]: Initialized new order book for ETHUSD
2025-11-21 01:23:43,168 [INFO] [feature_engine]: Initialized new trade log (deque) for ETHUSD
2025-11-21 01:23:43,168 [INFO] [feature_engine]: Initialized new feature set for ETHUSD
2025-11-21 01:23:43,168 [INFO] [feature_engine]: Initialized new candle cache for ETHUSD
2025-11-21 01:23:43,168 [INFO] [feature_engine]: Initialized readiness state for ETHUSD
2025-11-21 01:23:43,168 [DEBUG] [feature_engine]: Fetching history: ETHUSD 1m (Limit: 150)...
2025-11-21 01:23:43,360 [INFO] [feature_engine]: ✅ Primed 224 candles for ETHUSD 1m
2025-11-21 01:23:43,519 [INFO] [ws_manager]: 🛰️ WS Message: candlestick_1h
2025-11-21 01:23:43,519 [INFO] [ws_manager]: 🛰️ WS Message: v2/spot_price
2025-11-21 01:23:43,519 [INFO] [ws_manager]: 🛰️ WS Message: candlestick_15m
2025-11-21 01:23:43,519 [INFO] [ws_manager]: 🛰️ WS Message: candlestick_1d
2025-11-21 01:23:43,519 [INFO] [ws_manager]: 🛰️ WS Message: candlestick_1m
2025-11-21 01:23:43,543 [INFO] [ws_manager]: 🛰️ WS Message: candlestick_4h
2025-11-21 01:23:43,544 [INFO] [ws_manager]: 🛰️ WS Message: candlestick_5m
2025-11-21 01:23:43,546 [INFO] [ws_manager]: 🛰️ WS Message: v2/spot_price
2025-11-21 01:23:43,546 [INFO] [ws_manager]: 🛰️ WS Message: v2/spot_price
2025-11-21 01:23:43,669 [DEBUG] [feature_engine]: Fetching history: ETHUSD 5m (Limit: 150)...
2025-11-21 01:23:43,853 [INFO] [feature_engine]: ✅ Primed 225 candles for ETHUSD 5m
2025-11-21 01:23:44,154 [DEBUG] [feature_engine]: Fetching history: ETHUSD 15m (Limit: 150)...
2025-11-21 01:23:44,337 [INFO] [feature_engine]: ✅ Primed 225 candles for ETHUSD 15m
2025-11-21 01:23:44,520 [INFO] [ws_manager]: 🛰️ WS Message: candlestick_15m
2025-11-21 01:23:44,520 [INFO] [ws_manager]: 🛰️ WS Message: candlestick_1m
2025-11-21 01:23:44,520 [INFO] [ws_manager]: 🛰️ WS Message: v2/spot_price
2025-11-21 01:23:44,520 [INFO] [ws_manager]: 🛰️ WS Message: candlestick_1h
2025-11-21 01:23:44,520 [INFO] [ws_manager]: 🛰️ WS Message: candlestick_1d
2025-11-21 01:23:44,530 [INFO] [ws_manager]: 🛰️ WS Message: candlestick_5m
2025-11-21 01:23:44,530 [INFO] [ws_manager]: 🛰️ WS Message: candlestick_4h
2025-11-21 01:23:44,536 [INFO] [ws_manager]: 🛰️ WS Message: v2/spot_price
2025-11-21 01:23:44,557 [INFO] [ws_manager]: 🛰️ WS Message: v2/spot_price
2025-11-21 01:23:44,636 [DEBUG] [feature_engine]: Fetching history: ETHUSD 1h (Limit: 150)...
2025-11-21 01:23:44,820 [INFO] [feature_engine]: ✅ Primed 225 candles for ETHUSD 1h
2025-11-21 01:23:45,111 [DEBUG] [feature_engine]: Fetching history: ETHUSD 4h (Limit: 150)...
2025-11-21 01:23:45,300 [INFO] [feature_engine]: ✅ Primed 225 candles for ETHUSD 4h
2025-11-21 01:23:45,522 [INFO] [ws_manager]: 🛰️ WS Message: candlestick_1d
2025-11-21 01:23:45,522 [INFO] [ws_manager]: 🛰️ WS Message: candlestick_15m
2025-11-21 01:23:45,522 [INFO] [ws_manager]: 🛰️ WS Message: candlestick_1d
2025-11-21 01:23:45,522 [INFO] [ws_manager]: 🛰️ WS Message: v2/spot_price
2025-11-21 01:23:45,531 [INFO] [ws_manager]: 🛰️ WS Message: candlestick_1h
2025-11-21 01:23:45,532 [INFO] [ws_manager]: 🛰️ WS Message: candlestick_15m
2025-11-21 01:23:45,532 [INFO] [ws_manager]: 🛰️ WS Message: candlestick_1m
2025-11-21 01:23:45,544 [INFO] [ws_manager]: 🛰️ WS Message: candlestick_1m
2025-11-21 01:23:45,545 [INFO] [ws_manager]: 🛰️ WS Message: candlestick_4h
2025-11-21 01:23:45,545 [INFO] [ws_manager]: 🛰️ WS Message: candlestick_5m
2025-11-21 01:23:45,546 [INFO] [ws_manager]: 🛰️ WS Message: candlestick_1h
2025-11-21 01:23:45,547 [INFO] [ws_manager]: 🛰️ WS Message: candlestick_4h
2025-11-21 01:23:45,547 [INFO] [ws_manager]: 🛰️ WS Message: candlestick_5m
2025-11-21 01:23:45,548 [INFO] [ws_manager]: 🛰️ WS Message: v2/spot_price
2025-11-21 01:23:45,549 [INFO] [ws_manager]: 🛰️ WS Message: v2/spot_price
2025-11-21 01:23:45,602 [DEBUG] [feature_engine]: Fetching history: ETHUSD 1d (Limit: 2000)...
2025-11-21 01:23:45,905 [INFO] [feature_engine]: ✅ Primed 654 candles for ETHUSD 1d
2025-11-21 01:23:46,213 [DEBUG] [feature_engine]: Fetching history: ETHUSD 1w (Limit: 2000)...
2025-11-21 01:23:46,431 [INFO] [feature_engine]: ✅ Primed 95 candles for ETHUSD 1w
2025-11-21 01:23:46,519 [INFO] [ws_manager]: 🛰️ WS Message: candlestick_1m
2025-11-21 01:23:46,519 [INFO] [ws_manager]: 🛰️ WS Message: v2/spot_price
2025-11-21 01:23:46,519 [INFO] [ws_manager]: 🛰️ WS Message: candlestick_15m
2025-11-21 01:23:46,519 [INFO] [ws_manager]: 🛰️ WS Message: candlestick_15m
2025-11-21 01:23:46,519 [INFO] [ws_manager]: 🛰️ WS Message: candlestick_1h
2025-11-21 01:23:46,531 [INFO] [ws_manager]: 🛰️ WS Message: candlestick_1h
2025-11-21 01:23:46,532 [INFO] [ws_manager]: 🛰️ WS Message: candlestick_1d
2025-11-21 01:23:46,532 [INFO] [ws_manager]: 🛰️ WS Message: candlestick_1d
2025-11-21 01:23:46,534 [INFO] [ws_manager]: 🛰️ WS Message: candlestick_4h
2025-11-21 01:23:46,535 [INFO] [ws_manager]: 🛰️ WS Message: candlestick_1m
2025-11-21 01:23:46,535 [INFO] [ws_manager]: 🛰️ WS Message: candlestick_4h
2025-11-21 01:23:46,537 [INFO] [ws_manager]: 🛰️ WS Message: candlestick_5m
2025-11-21 01:23:46,537 [INFO] [ws_manager]: 🛰️ WS Message: v2/spot_price
2025-11-21 01:23:46,539 [INFO] [ws_manager]: 🛰️ WS Message: candlestick_5m
2025-11-21 01:23:46,556 [INFO] [ws_manager]: 🛰️ WS Message: v2/spot_price
2025-11-21 01:23:46,736 [INFO] [feature_engine]: Initialized new order book for SOLUSD
2025-11-21 01:23:46,736 [INFO] [feature_engine]: Initialized new trade log (deque) for SOLUSD
2025-11-21 01:23:46,736 [INFO] [feature_engine]: Initialized new feature set for SOLUSD
2025-11-21 01:23:46,736 [INFO] [feature_engine]: Initialized new candle cache for SOLUSD
2025-11-21 01:23:46,736 [INFO] [feature_engine]: Initialized readiness state for SOLUSD
2025-11-21 01:23:46,736 [DEBUG] [feature_engine]: Fetching history: SOLUSD 1m (Limit: 150)...
2025-11-21 01:23:46,754 [INFO] [executor]: 🔒 Acquired distributed lock for SOLUSD
2025-11-21 01:23:46,924 [INFO] [feature_engine]: ✅ Primed 224 candles for SOLUSD 1m
2025-11-21 01:23:47,238 [DEBUG] [feature_engine]: Fetching history: SOLUSD 5m (Limit: 150)...
2025-11-21 01:23:47,322 [INFO] [executor]: ✅ Received SL/TP from strategy signal. SL=130.5090, TP=137.1676
2025-11-21 01:23:47,322 [INFO] [executor]: 📦 Placing Market Entry Order: {'product_id': 14823, 'size': 1.0, 'side': 'buy', 'order_type': 'market_order'}
2025-11-21 01:23:47,322 [DEBUG] [signing]: 🧮 REST Signature base: POST1763668426/v2/orders{"order_type":"market_order","product_id":14823,"side":"buy","size":1.0}
2025-11-21 01:23:47,322 [DEBUG] [signing]: 🧾 REST Computed signature: 9d859e8fc4141a0bd05694f5e555dcbcc0b07c446d86dfd26e519d2fd5f66b4a
2025-11-21 01:23:47,429 [INFO] [feature_engine]: ✅ Primed 225 candles for SOLUSD 5m
2025-11-21 01:23:47,524 [INFO] [ws_manager]: 🛰️ WS Message: candlestick_1d
2025-11-21 01:23:47,524 [INFO] [ws_manager]: 🛰️ WS Message: candlestick_1h
2025-11-21 01:23:47,524 [INFO] [ws_manager]: 🛰️ WS Message: candlestick_15m
2025-11-21 01:23:47,528 [INFO] [ws_manager]: 🛰️ WS Message: candlestick_1m
2025-11-21 01:23:47,528 [INFO] [ws_manager]: 🛰️ WS Message: v2/spot_price
2025-11-21 01:23:47,528 [INFO] [ws_manager]: 🛰️ WS Message: candlestick_4h
2025-11-21 01:23:47,528 [INFO] [ws_manager]: 🛰️ WS Message: candlestick_5m
2025-11-21 01:23:47,538 [INFO] [ws_manager]: 🛰️ WS Message: v2/spot_price
2025-11-21 01:23:47,539 [INFO] [ws_manager]: 🛰️ WS Message: v2/spot_price
2025-11-21 01:23:47,724 [DEBUG] [feature_engine]: Fetching history: SOLUSD 15m (Limit: 150)...
2025-11-21 01:23:47,743 [INFO] [ws_manager]: 🛰️ WS Message: v2/ticker
2025-11-21 01:23:47,839 [INFO] [ws_manager]: 🛰️ WS Message: v2/ticker
2025-11-21 01:23:47,917 [INFO] [feature_engine]: ✅ Primed 225 candles for SOLUSD 15m
2025-11-21 01:23:47,956 [INFO] [ws_manager]: 🛰️ WS Message: v2/ticker
2025-11-21 01:23:48,021 [INFO] [ws_manager]: 🛰️ WS Message: candlestick_1h
2025-11-21 01:23:48,021 [INFO] [ws_manager]: 🛰️ WS Message: candlestick_15m
2025-11-21 01:23:48,021 [INFO] [ws_manager]: 🛰️ WS Message: candlestick_1m
2025-11-21 01:23:48,021 [INFO] [ws_manager]: 🛰️ WS Message: candlestick_1d
2025-11-21 01:23:48,021 [INFO] [ws_manager]: 🛰️ WS Message: candlestick_5m
2025-11-21 01:23:48,021 [INFO] [ws_manager]: 🛰️ WS Message: candlestick_4h
2025-11-21 01:23:48,207 [DEBUG] [feature_engine]: Fetching history: SOLUSD 1h (Limit: 150)...
2025-11-21 01:23:48,406 [INFO] [feature_engine]: ✅ Primed 225 candles for SOLUSD 1h
2025-11-21 01:23:48,526 [INFO] [ws_manager]: 🛰️ WS Message: v2/spot_price
2025-11-21 01:23:48,530 [INFO] [ws_manager]: 🛰️ WS Message: candlestick_1d
2025-11-21 01:23:48,531 [INFO] [ws_manager]: 🛰️ WS Message: candlestick_15m
2025-11-21 01:23:48,532 [INFO] [ws_manager]: 🛰️ WS Message: candlestick_1m
2025-11-21 01:23:48,532 [INFO] [ws_manager]: 🛰️ WS Message: candlestick_1h
2025-11-21 01:23:48,533 [INFO] [ws_manager]: 🛰️ WS Message: candlestick_5m
2025-11-21 01:23:48,534 [INFO] [ws_manager]: 🛰️ WS Message: candlestick_4h
2025-11-21 01:23:48,539 [INFO] [ws_manager]: 🛰️ WS Message: v2/spot_price
2025-11-21 01:23:48,540 [INFO] [ws_manager]: 🛰️ WS Message: v2/spot_price
2025-11-21 01:23:48,716 [DEBUG] [feature_engine]: Fetching history: SOLUSD 4h (Limit: 150)...
2025-11-21 01:23:48,870 [INFO] [ws_manager]: 🛰️ WS Message: orders
2025-11-21 01:23:48,877 [INFO] [ws_manager]: 🛰️ WS Message: v2/user_trades
2025-11-21 01:23:48,879 [INFO] [ws_manager]: 🛰️ WS Message: margins
2025-11-21 01:23:48,898 [INFO] [feature_engine]: ✅ Primed 225 candles for SOLUSD 4h
2025-11-21 01:23:49,025 [INFO] [ws_manager]: 🛰️ WS Message: candlestick_1h
2025-11-21 01:23:49,026 [INFO] [ws_manager]: 🛰️ WS Message: positions
2025-11-21 01:23:49,027 [INFO] [ws_manager]: 🛰️ WS Message: candlestick_15m
2025-11-21 01:23:49,028 [INFO] [executor]: 🎯 Entry Order Placed. ID: 1047619104
2025-11-21 01:23:49,028 [INFO] [executor]: 📦 Placing Bracket Order: {'product_id': 14823, 'product_symbol': 'SOLUSD', 'stop_loss_order': {'order_type': 'limit_order', 'stop_price': '130.5090', 'limit_price': '130.5090'}, 'take_profit_order': {'order_type': 'limit_order', 'stop_price': '137.1676', 'limit_price': '137.1676'}, 'bracket_stop_trigger_method': 'last_traded_price'}
2025-11-21 01:23:49,028 [DEBUG] [signing]: 🧮 REST Signature base: POST1763668428/v2/orders/bracket{"bracket_stop_trigger_method":"last_traded_price","product_id":14823,"product_symbol":"SOLUSD","stop_loss_order":{"limit_price":"130.5090","order_type":"limit_order","stop_price":"130.5090"},"take_profit_order":{"limit_price":"137.1676","order_type":"limit_order","stop_price":"137.1676"}}
2025-11-21 01:23:49,029 [DEBUG] [signing]: 🧾 REST Computed signature: e06392cacff30658fd8fdb2c9e03a8ed5dd97c85cb137ea1747d7d9764576e52
2025-11-21 01:23:49,030 [INFO] [ws_manager]: 🛰️ WS Message: candlestick_1d
2025-11-21 01:23:49,031 [INFO] [ws_manager]: 🛰️ WS Message: candlestick_1m
2025-11-21 01:23:49,033 [INFO] [ws_manager]: 🛰️ WS Message: candlestick_15m
2025-11-21 01:23:49,033 [INFO] [ws_manager]: 🛰️ WS Message: candlestick_4h
2025-11-21 01:23:49,034 [INFO] [ws_manager]: 🛰️ WS Message: margins
2025-11-21 01:23:49,035 [INFO] [ws_manager]: 🛰️ WS Message: candlestick_1d
2025-11-21 01:23:49,035 [INFO] [ws_manager]: 🛰️ WS Message: orders
2025-11-21 01:23:49,036 [INFO] [ws_manager]: 🛰️ WS Message: candlestick_1h
2025-11-21 01:23:49,037 [INFO] [ws_manager]: 🛰️ WS Message: candlestick_4h
2025-11-21 01:23:49,039 [INFO] [ws_manager]: 🛰️ WS Message: candlestick_1m
2025-11-21 01:23:49,040 [INFO] [ws_manager]: 🛰️ WS Message: candlestick_5m
2025-11-21 01:23:49,040 [INFO] [ws_manager]: 🛰️ WS Message: candlestick_5m
2025-11-21 01:23:49,207 [DEBUG] [feature_engine]: Fetching history: SOLUSD 1d (Limit: 2000)...
2025-11-21 01:23:49,420 [INFO] [feature_engine]: ✅ Primed 592 candles for SOLUSD 1d
2025-11-21 01:23:49,525 [INFO] [ws_manager]: 🛰️ WS Message: candlestick_1d
2025-11-21 01:23:49,526 [INFO] [ws_manager]: 🛰️ WS Message: candlestick_15m
2025-11-21 01:23:49,527 [INFO] [ws_manager]: 🛰️ WS Message: v2/spot_price
2025-11-21 01:23:49,527 [INFO] [ws_manager]: 🛰️ WS Message: candlestick_1h
2025-11-21 01:23:49,529 [INFO] [ws_manager]: 🛰️ WS Message: candlestick_4h
2025-11-21 01:23:49,533 [INFO] [ws_manager]: 🛰️ WS Message: candlestick_1m
2025-11-21 01:23:49,535 [INFO] [ws_manager]: 🛰️ WS Message: candlestick_5m
2025-11-21 01:23:49,536 [INFO] [ws_manager]: 🛰️ WS Message: v2/spot_price
2025-11-21 01:23:49,556 [INFO] [ws_manager]: 🛰️ WS Message: v2/spot_price
2025-11-21 01:23:49,710 [INFO] [ws_manager]: 🛰️ WS Message: orders
2025-11-21 01:23:49,711 [INFO] [ws_manager]: 🛰️ WS Message: orders
2025-11-21 01:23:49,713 [INFO] [executor]: ✅ Bracket Order Placed. Resp: {'stop_loss_order': {'average_fill_price': None, 'bracket_order': True, 'bracket_stop_loss_limit_price': None, 'bracket_stop_loss_price': None, 'bracket_take_profit_limit_price': None, 'bracket_take_profit_price': None, 'bracket_trail_amount': None, 'cancellation_reason': None, 'client_order_id': None, 'commission': '0', 'created_at': '2025-11-20T19:53:49.185639Z', 'id': 1047619110, 'limit_price': '130.509', 'meta_data': {'ip': '122.177.183.193', 'source': 'api'}, 'mmp': 'disabled', 'order_type': 'limit_order', 'paid_commission': '0', 'product_id': 14823, 'product_symbol': 'SOLUSD', 'quote_size': None, 'reduce_only': True, 'side': 'sell', 'size': 1, 'state': 'pending', 'stop_order_type': 'stop_loss_order', 'stop_price': '130.509', 'stop_trigger_method': 'last_traded_price', 'time_in_force': 'gtc', 'trail_amount': None, 'unfilled_size': 1, 'updated_at': '2025-11-20T19:53:49.185639Z', 'user_id': 35083138}, 'take_profit_order': {'average_fill_price': None, 'bracket_order': True, 'bracket_stop_loss_limit_price': None, 'bracket_stop_loss_price': None, 'bracket_take_profit_limit_price': None, 'bracket_take_profit_price': None, 'bracket_trail_amount': None, 'cancellation_reason': None, 'client_order_id': None, 'commission': '0', 'created_at': '2025-11-20T19:53:49.186365Z', 'id': 1047619111, 'limit_price': '137.1676', 'meta_data': {'ip': '122.177.183.193', 'source': 'api'}, 'mmp': 'disabled', 'order_type': 'limit_order', 'paid_commission': '0', 'product_id': 14823, 'product_symbol': 'SOLUSD', 'quote_size': None, 'reduce_only': True, 'side': 'sell', 'size': 1, 'state': 'pending', 'stop_order_type': 'take_profit_order', 'stop_price': '137.1676', 'stop_trigger_method': 'last_traded_price', 'time_in_force': 'gtc', 'trail_amount': None, 'unfilled_size': 1, 'updated_at': '2025-11-20T19:53:49.186365Z', 'user_id': 35083138}}
2025-11-21 01:23:49,716 [DEBUG] [feature_engine]: Fetching history: SOLUSD 1w (Limit: 2000)...
2025-11-21 01:23:49,718 [INFO] [monitor]: 🎯 Started monitoring position: SOLUSD (size: 1.0, ID: 14823). Waiting for WS 'positions' event...
2025-11-21 01:23:49,719 [INFO] [executor]: 📢 Notified PositionMonitor: {'type': 'start_monitoring', 'symbol': 'SOLUSD', 'size': 1.0, 'product_id': 14823, 'timestamp': 1763668429.7139966}
2025-11-21 01:23:49,720 [INFO] [executor]: 📢 Notified TSL Manager: {'command': 'START_TSL', 'symbol': 'SOLUSD', 'direction': 'LONG', 'size': 1.0, 'product_id': 14823, 'entry_price': 133.157}
2025-11-21 01:23:49,720 [INFO] [executor]: ✅ Signal executed for SOLUSD (size=1). Lock is HELD.
2025-11-21 01:23:49,720 [INFO] [tsl_manager]: TSL Loop for SOLUSD started @ entry=133.1570 (trail x1.00 floor=0.5000)
2025-11-21 01:23:49,720 [DEBUG] [signing]: 🧮 REST Signature base: GET1763668428/v2/orders?product_ids=14823&states=open,pending&stop_order_type=stop_loss_order
2025-11-21 01:23:49,720 [DEBUG] [signing]: 🧾 REST Computed signature: 92f8c42b8dcf1a413897781b571d03af4f63aba0ca74af93a9181b98f88349a2
2025-11-21 01:23:49,897 [DEBUG] [tsl_manager]: Found SL child: id=1047619110 type=limit_order stop=130.509
2025-11-21 01:23:49,897 [INFO] [tsl_manager]: TSL active for SOLUSD: order_id=1047619110 type=limit_order
2025-11-21 01:23:49,906 [INFO] [feature_engine]: ✅ Primed 86 candles for SOLUSD 1w
2025-11-21 01:23:49,907 [INFO] [tsl_manager]: PUT /v2/orders (stop edit) -> id=1047619110 price=132.1809 type=limit_order
2025-11-21 01:23:49,907 [DEBUG] [signing]: 🧮 REST Signature base: PUT1763668429/v2/orders{"id":1047619110,"limit_price":"132.1809","order_type":"limit_order","product_id":14823,"reduce_only":true,"side":"sell","size":1,"stop_price":"132.1809"}
2025-11-21 01:23:49,907 [DEBUG] [signing]: 🧾 REST Computed signature: 5c17f710979cb450034348b67dee0a52b3ba7599bc738223dbc548342b3a67fe
2025-11-21 01:23:49,924 [INFO] [ws_manager]: 🛰️ WS Message: funding_rate
2025-11-21 01:23:50,252 [DEBUG] [feature_engine]: Calculated TA for BTCUSD 1m
2025-11-21 01:23:50,268 [DEBUG] [feature_engine]: Calculated TA for BTCUSD 5m
2025-11-21 01:23:50,291 [DEBUG] [feature_engine]: Calculated TA for BTCUSD 15m
2025-11-21 01:23:50,315 [DEBUG] [feature_engine]: Calculated TA for BTCUSD 1h
2025-11-21 01:23:50,341 [DEBUG] [feature_engine]: Calculated TA for BTCUSD 4h
2025-11-21 01:23:50,369 [DEBUG] [feature_engine]: Calculated TA for BTCUSD 1d
2025-11-21 01:23:50,401 [DEBUG] [feature_engine]: Calculated TA for BTCUSD 1w
2025-11-21 01:23:50,504 [DEBUG] [feature_engine]: Calculated TA for ETHUSD 1m
2025-11-21 01:23:50,522 [DEBUG] [feature_engine]: Calculated TA for ETHUSD 5m
2025-11-21 01:23:50,539 [DEBUG] [feature_engine]: Calculated TA for ETHUSD 15m
2025-11-21 01:23:50,557 [DEBUG] [feature_engine]: Calculated TA for ETHUSD 1h
2025-11-21 01:23:50,576 [DEBUG] [feature_engine]: Calculated TA for ETHUSD 4h
2025-11-21 01:23:50,596 [DEBUG] [feature_engine]: Calculated TA for ETHUSD 1d
2025-11-21 01:23:50,613 [DEBUG] [feature_engine]: Calculated TA for ETHUSD 1w
2025-11-21 01:23:50,631 [DEBUG] [feature_engine]: Calculated TA for SOLUSD 1m
2025-11-21 01:23:50,651 [DEBUG] [feature_engine]: Calculated TA for SOLUSD 5m
2025-11-21 01:23:50,669 [DEBUG] [feature_engine]: Calculated TA for SOLUSD 15m
2025-11-21 01:23:50,689 [DEBUG] [feature_engine]: Calculated TA for SOLUSD 1h
2025-11-21 01:23:50,703 [DEBUG] [feature_engine]: Calculated TA for SOLUSD 4h
2025-11-21 01:23:50,718 [DEBUG] [feature_engine]: Calculated TA for SOLUSD 1d
2025-11-21 01:23:50,739 [DEBUG] [feature_engine]: Calculated TA for SOLUSD 1w
2025-11-21 01:23:50,739 [INFO] [feature_engine]: ✅ Candle history priming and initial TA calculation complete.
2025-11-21 01:23:50,739 [INFO] [feature_engine]: ✅ Priming complete. Processing 292 buffered messages...
2025-11-21 01:23:50,740 [INFO] [feature_engine]: ✅ L2 Snapshot processed for BTCUSD (Seq: 1794770). Resuming normal updates.
2025-11-21 01:23:50,741 [INFO] [feature_engine]: ✅ L2 Snapshot processed for ETHUSD (Seq: 2391675). Resuming normal updates.
2025-11-21 01:23:50,742 [INFO] [feature_engine]: ✅ L2 Snapshot processed for SOLUSD (Seq: 1158928). Resuming normal updates.
2025-11-21 01:23:50,742 [INFO] [feature_engine]: Processing trade snapshot for BTCUSD...
2025-11-21 01:23:50,742 [INFO] [feature_engine]: ✅ Trade snapshot processed for BTCUSD
2025-11-21 01:23:50,742 [INFO] [feature_engine]: Processing trade snapshot for ETHUSD...
2025-11-21 01:23:50,742 [INFO] [feature_engine]: ✅ Trade snapshot processed for ETHUSD
2025-11-21 01:23:50,742 [INFO] [feature_engine]: Processing trade snapshot for SOLUSD...
2025-11-21 01:23:50,742 [INFO] [feature_engine]: ✅ Trade snapshot processed for SOLUSD
2025-11-21 01:23:50,747 [DEBUG] [feature_engine]: Ticker for SOLUSD received and ignored.
2025-11-21 01:23:50,749 [DEBUG] [feature_engine]: Ticker for ETHUSD received and ignored.
2025-11-21 01:23:50,749 [DEBUG] [feature_engine]: Ticker for BTCUSD received and ignored.
2025-11-21 01:23:50,760 [DEBUG] [feature_engine]: Ticker for SOLUSD received and ignored.
2025-11-21 01:23:50,760 [DEBUG] [feature_engine]: Ticker for ETHUSD received and ignored.
2025-11-21 01:23:50,760 [DEBUG] [feature_engine]: Ticker for BTCUSD received and ignored.
2025-11-21 01:23:50,768 [INFO] [feature_engine]: ✅ Message buffer processed. 🔓 Releasing lock. Now listening for live data.
2025-11-21 01:23:50,769 [INFO] [tsl_manager]: ✅ Stop order 1047619110 updated to 132.1809
2025-11-21 01:23:50,771 [INFO] [feature_engine]: ✅ ETHUSD is now data-ready. Publishing enriched feed.
2025-11-21 01:23:50,774 [INFO] [feature_engine]: 📡 Enriched ETHUSD: KER=0.66, BB_W=0.8909, RSI=34.1
2025-11-21 01:23:50,792 [INFO] [ws_manager]: 🛰️ WS Message: candlestick_1h
2025-11-21 01:23:50,792 [INFO] [ws_manager]: 🛰️ WS Message: v2/spot_price
2025-11-21 01:23:50,793 [INFO] [ws_manager]: 🛰️ WS Message: candlestick_1d
2025-11-21 01:23:50,794 [INFO] [feature_engine]: 📡 Enriched ETHUSD: KER=0.66, BB_W=0.8909, RSI=34.1
2025-11-21 01:23:50,795 [INFO] [feature_engine]: ✅ BTCUSD is now data-ready. Publishing enriched feed.
2025-11-21 01:23:50,807 [INFO] [ws_manager]: 🛰️ WS Message: candlestick_15m
2025-11-21 01:23:50,808 [INFO] [ws_manager]: 🛰️ WS Message: candlestick_1m
2025-11-21 01:23:50,809 [INFO] [ws_manager]: 🛰️ WS Message: candlestick_4h
2025-11-21 01:23:50,809 [INFO] [feature_engine]: 📡 Enriched BTCUSD: KER=0.67, BB_W=0.6452, RSI=35.4
2025-11-21 01:23:50,822 [INFO] [ws_manager]: 🛰️ WS Message: candlestick_5m
2025-11-21 01:23:50,823 [INFO] [ws_manager]: 🛰️ WS Message: candlestick_1h
2025-11-21 01:23:50,824 [INFO] [ws_manager]: 🛰️ WS Message: candlestick_1d
2025-11-21 01:23:50,825 [INFO] [feature_engine]: 📡 Enriched ETHUSD: KER=0.66, BB_W=0.8909, RSI=34.1
2025-11-21 01:23:50,825 [DEBUG] [feature_engine]: Appended new ETHUSD 1h candle. History size: 100
2025-11-21 01:23:50,844 [DEBUG] [feature_engine]: Calculated TA for ETHUSD 1m
2025-11-21 01:23:50,865 [DEBUG] [feature_engine]: Calculated TA for ETHUSD 5m
2025-11-21 01:23:50,885 [DEBUG] [feature_engine]: Calculated TA for ETHUSD 15m
2025-11-21 01:23:50,907 [DEBUG] [feature_engine]: Calculated TA for ETHUSD 1h
2025-11-21 01:23:50,926 [DEBUG] [feature_engine]: Calculated TA for ETHUSD 4h
2025-11-21 01:23:50,945 [DEBUG] [feature_engine]: Calculated TA for ETHUSD 1d
2025-11-21 01:23:50,964 [DEBUG] [feature_engine]: Calculated TA for ETHUSD 1w
2025-11-21 01:23:50,964 [DEBUG] [feature_engine]: Appended new ETHUSD 1d candle. History size: 100
2025-11-21 01:23:50,981 [DEBUG] [feature_engine]: Calculated TA for ETHUSD 1m
2025-11-21 01:23:50,997 [DEBUG] [feature_engine]: Calculated TA for ETHUSD 5m
2025-11-21 01:23:51,012 [DEBUG] [feature_engine]: Calculated TA for ETHUSD 15m
2025-11-21 01:23:51,030 [DEBUG] [feature_engine]: Calculated TA for ETHUSD 1h
2025-11-21 01:23:51,047 [DEBUG] [feature_engine]: Calculated TA for ETHUSD 4h
2025-11-21 01:23:51,066 [DEBUG] [feature_engine]: Calculated TA for ETHUSD 1d
2025-11-21 01:23:51,081 [DEBUG] [feature_engine]: Calculated TA for ETHUSD 1w
2025-11-21 01:23:51,081 [DEBUG] [feature_engine]: Appended new ETHUSD 15m candle. History size: 100
2025-11-21 01:23:51,097 [DEBUG] [feature_engine]: Calculated TA for ETHUSD 1m
2025-11-21 01:23:51,113 [DEBUG] [feature_engine]: Calculated TA for ETHUSD 5m
2025-11-21 01:23:51,128 [DEBUG] [feature_engine]: Calculated TA for ETHUSD 15m
2025-11-21 01:23:51,142 [DEBUG] [feature_engine]: Calculated TA for ETHUSD 1h
2025-11-21 01:23:51,158 [DEBUG] [feature_engine]: Calculated TA for ETHUSD 4h
2025-11-21 01:23:51,178 [DEBUG] [feature_engine]: Calculated TA for ETHUSD 1d
2025-11-21 01:23:51,197 [DEBUG] [feature_engine]: Calculated TA for ETHUSD 1w
2025-11-21 01:23:51,198 [DEBUG] [feature_engine]: Appended new ETHUSD 1m candle. History size: 100
2025-11-21 01:23:51,216 [DEBUG] [feature_engine]: Calculated TA for ETHUSD 1m
2025-11-21 01:23:51,234 [DEBUG] [feature_engine]: Calculated TA for ETHUSD 5m
2025-11-21 01:23:51,250 [DEBUG] [feature_engine]: Calculated TA for ETHUSD 15m
2025-11-21 01:23:51,272 [DEBUG] [feature_engine]: Calculated TA for ETHUSD 1h
2025-11-21 01:23:51,290 [DEBUG] [feature_engine]: Calculated TA for ETHUSD 4h
2025-11-21 01:23:51,307 [DEBUG] [feature_engine]: Calculated TA for ETHUSD 1d
2025-11-21 01:23:51,329 [DEBUG] [feature_engine]: Calculated TA for ETHUSD 1w
2025-11-21 01:23:51,329 [DEBUG] [feature_engine]: Appended new ETHUSD 4h candle. History size: 100
2025-11-21 01:23:51,350 [DEBUG] [feature_engine]: Calculated TA for ETHUSD 1m
2025-11-21 01:23:51,369 [DEBUG] [feature_engine]: Calculated TA for ETHUSD 5m
2025-11-21 01:23:51,387 [DEBUG] [feature_engine]: Calculated TA for ETHUSD 15m
2025-11-21 01:23:51,404 [DEBUG] [feature_engine]: Calculated TA for ETHUSD 1h
2025-11-21 01:23:51,422 [DEBUG] [feature_engine]: Calculated TA for ETHUSD 4h
2025-11-21 01:23:51,439 [DEBUG] [feature_engine]: Calculated TA for ETHUSD 1d
2025-11-21 01:23:51,456 [DEBUG] [feature_engine]: Calculated TA for ETHUSD 1w
2025-11-21 01:23:51,457 [DEBUG] [feature_engine]: Appended new ETHUSD 5m candle. History size: 100
2025-11-21 01:23:51,472 [DEBUG] [feature_engine]: Calculated TA for ETHUSD 1m
2025-11-21 01:23:51,493 [DEBUG] [feature_engine]: Calculated TA for ETHUSD 5m
2025-11-21 01:23:51,512 [DEBUG] [feature_engine]: Calculated TA for ETHUSD 15m
2025-11-21 01:23:51,529 [DEBUG] [feature_engine]: Calculated TA for ETHUSD 1h
2025-11-21 01:23:51,545 [DEBUG] [feature_engine]: Calculated TA for ETHUSD 4h
2025-11-21 01:23:51,564 [DEBUG] [feature_engine]: Calculated TA for ETHUSD 1d
2025-11-21 01:23:51,581 [DEBUG] [feature_engine]: Calculated TA for ETHUSD 1w
2025-11-21 01:23:51,581 [DEBUG] [feature_engine]: Appended new BTCUSD 1h candle. History size: 100
2025-11-21 01:23:51,597 [DEBUG] [feature_engine]: Calculated TA for BTCUSD 1m
2025-11-21 01:23:51,615 [DEBUG] [feature_engine]: Calculated TA for BTCUSD 5m
2025-11-21 01:23:51,632 [DEBUG] [feature_engine]: Calculated TA for BTCUSD 15m
2025-11-21 01:23:51,659 [DEBUG] [feature_engine]: Calculated TA for BTCUSD 1h
2025-11-21 01:23:51,676 [DEBUG] [feature_engine]: Calculated TA for BTCUSD 4h
2025-11-21 01:23:51,692 [DEBUG] [feature_engine]: Calculated TA for BTCUSD 1d
2025-11-21 01:23:51,711 [DEBUG] [feature_engine]: Calculated TA for BTCUSD 1w
2025-11-21 01:23:51,722 [DEBUG] [feature_engine]: Appended new BTCUSD 1d candle. History size: 100
2025-11-21 01:23:51,741 [DEBUG] [feature_engine]: Calculated TA for BTCUSD 1m
2025-11-21 01:23:51,762 [DEBUG] [feature_engine]: Calculated TA for BTCUSD 5m
2025-11-21 01:23:51,780 [DEBUG] [feature_engine]: Calculated TA for BTCUSD 15m
2025-11-21 01:23:51,799 [DEBUG] [feature_engine]: Calculated TA for BTCUSD 1h
2025-11-21 01:23:51,820 [DEBUG] [feature_engine]: Calculated TA for BTCUSD 4h
2025-11-21 01:23:51,836 [DEBUG] [feature_engine]: Calculated TA for BTCUSD 1d
2025-11-21 01:23:51,852 [DEBUG] [feature_engine]: Calculated TA for BTCUSD 1w
2025-11-21 01:23:51,852 [INFO] [ws_manager]: 🛰️ WS Message: candlestick_15m
2025-11-21 01:23:51,853 [DEBUG] [feature_engine]: Appended new BTCUSD 15m candle. History size: 100
2025-11-21 01:23:51,869 [DEBUG] [feature_engine]: Calculated TA for BTCUSD 1m
2025-11-21 01:23:51,888 [DEBUG] [feature_engine]: Calculated TA for BTCUSD 5m
2025-11-21 01:23:51,902 [DEBUG] [feature_engine]: Calculated TA for BTCUSD 15m
2025-11-21 01:23:51,917 [DEBUG] [feature_engine]: Calculated TA for BTCUSD 1h
2025-11-21 01:23:51,933 [DEBUG] [feature_engine]: Calculated TA for BTCUSD 4h
2025-11-21 01:23:51,951 [DEBUG] [feature_engine]: Calculated TA for BTCUSD 1d
2025-11-21 01:23:51,971 [DEBUG] [feature_engine]: Calculated TA for BTCUSD 1w
2025-11-21 01:23:51,971 [INFO] [ws_manager]: 🛰️ WS Message: v2/spot_price
2025-11-21 01:23:51,972 [INFO] [ws_manager]: 🛰️ WS Message: candlestick_1m
2025-11-21 01:23:51,973 [DEBUG] [feature_engine]: Appended new BTCUSD 1m candle. History size: 100
2025-11-21 01:23:51,990 [DEBUG] [feature_engine]: Calculated TA for BTCUSD 1m
2025-11-21 01:23:52,007 [DEBUG] [feature_engine]: Calculated TA for BTCUSD 5m
2025-11-21 01:23:52,021 [DEBUG] [feature_engine]: Calculated TA for BTCUSD 15m
2025-11-21 01:23:52,036 [DEBUG] [feature_engine]: Calculated TA for BTCUSD 1h
2025-11-21 01:23:52,053 [DEBUG] [feature_engine]: Calculated TA for BTCUSD 4h
2025-11-21 01:23:52,071 [DEBUG] [feature_engine]: Calculated TA for BTCUSD 1d
2025-11-21 01:23:52,087 [DEBUG] [feature_engine]: Calculated TA for BTCUSD 1w
2025-11-21 01:23:52,088 [INFO] [ws_manager]: 🛰️ WS Message: candlestick_4h
2025-11-21 01:23:52,090 [DEBUG] [feature_engine]: Appended new BTCUSD 4h candle. History size: 100
2025-11-21 01:23:52,106 [DEBUG] [feature_engine]: Calculated TA for BTCUSD 1m
2025-11-21 01:23:52,132 [DEBUG] [feature_engine]: Calculated TA for BTCUSD 5m
2025-11-21 01:23:52,159 [DEBUG] [feature_engine]: Calculated TA for BTCUSD 15m
2025-11-21 01:23:52,182 [DEBUG] [feature_engine]: Calculated TA for BTCUSD 1h
2025-11-21 01:23:52,201 [DEBUG] [feature_engine]: Calculated TA for BTCUSD 4h
2025-11-21 01:23:52,217 [DEBUG] [feature_engine]: Calculated TA for BTCUSD 1d
2025-11-21 01:23:52,233 [DEBUG] [feature_engine]: Calculated TA for BTCUSD 1w
2025-11-21 01:23:52,233 [INFO] [ws_manager]: 🛰️ WS Message: candlestick_5m
2025-11-21 01:23:52,233 [DEBUG] [feature_engine]: Appended new BTCUSD 5m candle. History size: 100
2025-11-21 01:23:52,251 [DEBUG] [feature_engine]: Calculated TA for BTCUSD 1m
2025-11-21 01:23:52,274 [DEBUG] [feature_engine]: Calculated TA for BTCUSD 5m
2025-11-21 01:23:52,291 [DEBUG] [feature_engine]: Calculated TA for BTCUSD 15m
2025-11-21 01:23:52,307 [DEBUG] [feature_engine]: Calculated TA for BTCUSD 1h
2025-11-21 01:23:52,325 [DEBUG] [feature_engine]: Calculated TA for BTCUSD 4h
2025-11-21 01:23:52,343 [DEBUG] [feature_engine]: Calculated TA for BTCUSD 1d
2025-11-21 01:23:52,358 [DEBUG] [feature_engine]: Calculated TA for BTCUSD 1w
2025-11-21 01:23:52,358 [INFO] [ws_manager]: 🛰️ WS Message: v2/spot_price
2025-11-21 01:23:52,361 [INFO] [ws_manager]: 🛰️ WS Message: orders
2025-11-21 01:23:52,373 [INFO] [feature_engine]: 📡 Enriched ETHUSD: KER=0.95, BB_W=5.6860, RSI=7.8
2025-11-21 01:23:52,387 [INFO] [feature_engine]: 📡 Enriched ETHUSD: KER=0.95, BB_W=5.6860, RSI=7.8
2025-11-21 01:23:52,402 [INFO] [feature_engine]: 📡 Enriched ETHUSD: KER=0.95, BB_W=5.6860, RSI=7.8
2025-11-21 01:23:52,406 [INFO] [ws_manager]: 🛰️ WS Message: candlestick_1d
2025-11-21 01:23:52,406 [INFO] [feature_engine]: 📡 Enriched ETHUSD: KER=0.95, BB_W=5.6860, RSI=7.8
2025-11-21 01:23:52,420 [INFO] [ws_manager]: 🛰️ WS Message: candlestick_15m
2025-11-21 01:23:52,421 [INFO] [ws_manager]: 🛰️ WS Message: candlestick_1h
2025-11-21 01:23:52,422 [INFO] [ws_manager]: 🛰️ WS Message: candlestick_1m
2025-11-21 01:23:52,423 [INFO] [feature_engine]: 📡 Enriched BTCUSD: KER=0.96, BB_W=5.3409, RSI=6.4
2025-11-21 01:23:52,423 [INFO] [feature_engine]: ✅ SOLUSD is now data-ready. Publishing enriched feed.
2025-11-21 01:23:52,436 [INFO] [ws_manager]: 🛰️ WS Message: candlestick_4h
2025-11-21 01:23:52,437 [INFO] [ws_manager]: 🛰️ WS Message: candlestick_1d
2025-11-21 01:23:52,438 [INFO] [ws_manager]: 🛰️ WS Message: candlestick_15m
2025-11-21 01:23:52,438 [INFO] [feature_engine]: 📡 Enriched SOLUSD: KER=0.89, BB_W=1.2531, RSI=27.3
2025-11-21 01:23:52,452 [INFO] [ws_manager]: 🛰️ WS Message: candlestick_1h
2025-11-21 01:23:52,452 [INFO] [ws_manager]: 🛰️ WS Message: candlestick_1m
2025-11-21 01:23:52,453 [INFO] [ws_manager]: 🛰️ WS Message: candlestick_5m
2025-11-21 01:23:52,454 [INFO] [feature_engine]: 📡 Enriched BTCUSD: KER=0.96, BB_W=5.3409, RSI=6.4
2025-11-21 01:23:52,467 [INFO] [ws_manager]: 🛰️ WS Message: candlestick_4h
2025-11-21 01:23:52,468 [INFO] [ws_manager]: 🛰️ WS Message: candlestick_5m
2025-11-21 01:23:52,469 [INFO] [feature_engine]: 📡 Enriched ETHUSD: KER=0.95, BB_W=5.6860, RSI=7.8
2025-11-21 01:23:52,494 [INFO] [feature_engine]: 📡 Enriched BTCUSD: KER=0.96, BB_W=5.3409, RSI=6.4
2025-11-21 01:23:52,507 [INFO] [feature_engine]: 📡 Enriched SOLUSD: KER=0.89, BB_W=1.2531, RSI=27.3
2025-11-21 01:23:52,521 [INFO] [feature_engine]: 📡 Enriched BTCUSD: KER=0.96, BB_W=5.3409, RSI=6.4
2025-11-21 01:23:52,521 [DEBUG] [feature_engine]: Updated ETHUSD 1d candle.
2025-11-21 01:23:52,521 [DEBUG] [feature_engine]: Updated ETHUSD 15m candle.
2025-11-21 01:23:52,521 [DEBUG] [feature_engine]: Updated ETHUSD 1h candle.
2025-11-21 01:23:52,521 [DEBUG] [feature_engine]: Updated ETHUSD 1m candle.
2025-11-21 01:23:52,521 [DEBUG] [feature_engine]: Updated ETHUSD 4h candle.
2025-11-21 01:23:52,521 [DEBUG] [feature_engine]: Updated BTCUSD 1d candle.
2025-11-21 01:23:52,521 [DEBUG] [feature_engine]: Updated BTCUSD 15m candle.
2025-11-21 01:23:52,521 [DEBUG] [feature_engine]: Updated BTCUSD 1h candle.
2025-11-21 01:23:52,522 [DEBUG] [feature_engine]: Updated BTCUSD 1m candle.
2025-11-21 01:23:52,522 [DEBUG] [feature_engine]: Updated ETHUSD 5m candle.
2025-11-21 01:23:52,522 [DEBUG] [feature_engine]: Updated BTCUSD 4h candle.
2025-11-21 01:23:52,522 [DEBUG] [feature_engine]: Updated BTCUSD 5m candle.
2025-11-21 01:23:52,524 [INFO] [ws_manager]: 🛰️ WS Message: candlestick_15m
2025-11-21 01:23:52,525 [INFO] [ws_manager]: 🛰️ WS Message: candlestick_1d
2025-11-21 01:23:52,526 [INFO] [feature_engine]: 📡 Enriched ETHUSD: KER=0.95, BB_W=5.6860, RSI=7.8
2025-11-21 01:23:52,540 [INFO] [ws_manager]: 🛰️ WS Message: candlestick_1h
2025-11-21 01:23:52,541 [INFO] [ws_manager]: 🛰️ WS Message: candlestick_1d
2025-11-21 01:23:52,542 [INFO] [ws_manager]: 🛰️ WS Message: candlestick_15m
2025-11-21 01:23:52,542 [INFO] [feature_engine]: 📡 Enriched BTCUSD: KER=0.96, BB_W=5.3409, RSI=6.4
2025-11-21 01:23:52,554 [INFO] [ws_manager]: 🛰️ WS Message: v2/spot_price
2025-11-21 01:23:52,555 [INFO] [ws_manager]: 🛰️ WS Message: candlestick_1m
2025-11-21 01:23:52,556 [INFO] [ws_manager]: 🛰️ WS Message: candlestick_4h
2025-11-21 01:23:52,557 [INFO] [feature_engine]: 📡 Enriched ETHUSD: KER=0.95, BB_W=5.6860, RSI=7.8
2025-11-21 01:23:52,569 [INFO] [ws_manager]: 🛰️ WS Message: candlestick_5m
2025-11-21 01:23:52,570 [INFO] [ws_manager]: 🛰️ WS Message: candlestick_4h
2025-11-21 01:23:52,571 [INFO] [ws_manager]: 🛰️ WS Message: candlestick_1h
2025-11-21 01:23:52,572 [INFO] [feature_engine]: 📡 Enriched ETHUSD: KER=0.95, BB_W=5.6860, RSI=7.8
2025-11-21 01:23:52,586 [INFO] [ws_manager]: 🛰️ WS Message: candlestick_1m
2025-11-21 01:23:52,587 [INFO] [ws_manager]: 🛰️ WS Message: candlestick_5m
2025-11-21 01:23:52,588 [INFO] [ws_manager]: 🛰️ WS Message: v2/spot_price
2025-11-21 01:23:52,589 [INFO] [feature_engine]: 📡 Enriched ETHUSD: KER=0.95, BB_W=5.6860, RSI=7.8
2025-11-21 01:23:52,601 [INFO] [ws_manager]: 🛰️ WS Message: v2/spot_price
2025-11-21 01:23:52,603 [INFO] [feature_engine]: 📡 Enriched SOLUSD: KER=0.89, BB_W=1.2531, RSI=27.3
2025-11-21 01:23:52,628 [INFO] [feature_engine]: 📡 Enriched ETHUSD: KER=0.95, BB_W=5.6860, RSI=7.8
2025-11-21 01:23:52,630 [INFO] [feature_engine]: 📡 Enriched SOLUSD: KER=0.89, BB_W=1.2531, RSI=27.3
2025-11-21 01:23:52,643 [INFO] [ws_manager]: 🛰️ WS Message: candlestick_15m
2025-11-21 01:23:52,644 [INFO] [ws_manager]: 🛰️ WS Message: candlestick_1m
2025-11-21 01:23:52,645 [INFO] [ws_manager]: 🛰️ WS Message: candlestick_1d
2025-11-21 01:23:52,645 [INFO] [feature_engine]: 📡 Enriched BTCUSD: KER=0.96, BB_W=5.3409, RSI=6.4
2025-11-21 01:23:52,659 [INFO] [ws_manager]: 🛰️ WS Message: candlestick_4h
2025-11-21 01:23:52,659 [INFO] [ws_manager]: 🛰️ WS Message: candlestick_5m
2025-11-21 01:23:52,660 [INFO] [ws_manager]: 🛰️ WS Message: candlestick_1h
2025-11-21 01:23:52,661 [INFO] [feature_engine]: 📡 Enriched ETHUSD: KER=0.95, BB_W=5.6860, RSI=7.8
2025-11-21 01:23:52,675 [INFO] [feature_engine]: 📡 Enriched SOLUSD: KER=0.89, BB_W=1.2531, RSI=27.3
2025-11-21 01:23:52,675 [DEBUG] [feature_engine]: Updated ETHUSD 15m candle.
2025-11-21 01:23:52,675 [DEBUG] [feature_engine]: Updated ETHUSD 1d candle.
2025-11-21 01:23:52,675 [DEBUG] [feature_engine]: Updated ETHUSD 1h candle.
2025-11-21 01:23:52,675 [DEBUG] [feature_engine]: Appended new SOLUSD 1d candle. History size: 100
2025-11-21 01:23:52,696 [DEBUG] [feature_engine]: Calculated TA for SOLUSD 1m
2025-11-21 01:23:52,717 [DEBUG] [feature_engine]: Calculated TA for SOLUSD 5m
2025-11-21 01:23:52,737 [DEBUG] [feature_engine]: Calculated TA for SOLUSD 15m
2025-11-21 01:23:52,758 [DEBUG] [feature_engine]: Calculated TA for SOLUSD 1h
2025-11-21 01:23:52,775 [DEBUG] [feature_engine]: Calculated TA for SOLUSD 4h
2025-11-21 01:23:52,791 [DEBUG] [feature_engine]: Calculated TA for SOLUSD 1d
2025-11-21 01:23:52,807 [DEBUG] [feature_engine]: Calculated TA for SOLUSD 1w
2025-11-21 01:23:52,807 [DEBUG] [feature_engine]: Appended new SOLUSD 15m candle. History size: 100
2025-11-21 01:23:52,822 [DEBUG] [feature_engine]: Calculated TA for SOLUSD 1m
2025-11-21 01:23:52,839 [DEBUG] [feature_engine]: Calculated TA for SOLUSD 5m
2025-11-21 01:23:52,854 [DEBUG] [feature_engine]: Calculated TA for SOLUSD 15m
2025-11-21 01:23:52,870 [DEBUG] [feature_engine]: Calculated TA for SOLUSD 1h
2025-11-21 01:23:52,887 [DEBUG] [feature_engine]: Calculated TA for SOLUSD 4h
2025-11-21 01:23:52,906 [DEBUG] [feature_engine]: Calculated TA for SOLUSD 1d
2025-11-21 01:23:52,922 [DEBUG] [feature_engine]: Calculated TA for SOLUSD 1w
2025-11-21 01:23:52,922 [DEBUG] [feature_engine]: Updated ETHUSD 1m candle.
2025-11-21 01:23:52,922 [DEBUG] [feature_engine]: Updated ETHUSD 4h candle.
2025-11-21 01:23:52,922 [DEBUG] [feature_engine]: Updated ETHUSD 5m candle.
2025-11-21 01:23:52,922 [DEBUG] [feature_engine]: Appended new SOLUSD 4h candle. History size: 100
2025-11-21 01:23:52,939 [DEBUG] [feature_engine]: Calculated TA for SOLUSD 1m
2025-11-21 01:23:52,957 [DEBUG] [feature_engine]: Calculated TA for SOLUSD 5m
2025-11-21 01:23:52,971 [DEBUG] [feature_engine]: Calculated TA for SOLUSD 15m
2025-11-21 01:23:52,989 [DEBUG] [feature_engine]: Calculated TA for SOLUSD 1h
2025-11-21 01:23:53,003 [DEBUG] [feature_engine]: Calculated TA for SOLUSD 4h
2025-11-21 01:23:53,020 [DEBUG] [feature_engine]: Calculated TA for SOLUSD 1d
2025-11-21 01:23:53,036 [DEBUG] [feature_engine]: Calculated TA for SOLUSD 1w
2025-11-21 01:23:53,036 [DEBUG] [feature_engine]: Appended new SOLUSD 1h candle. History size: 100
2025-11-21 01:23:53,052 [DEBUG] [feature_engine]: Calculated TA for SOLUSD 1m
2025-11-21 01:23:53,070 [DEBUG] [feature_engine]: Calculated TA for SOLUSD 5m
2025-11-21 01:23:53,084 [DEBUG] [feature_engine]: Calculated TA for SOLUSD 15m
2025-11-21 01:23:53,102 [DEBUG] [feature_engine]: Calculated TA for SOLUSD 1h
2025-11-21 01:23:53,117 [DEBUG] [feature_engine]: Calculated TA for SOLUSD 4h
2025-11-21 01:23:53,134 [DEBUG] [feature_engine]: Calculated TA for SOLUSD 1d
2025-11-21 01:23:53,148 [DEBUG] [feature_engine]: Calculated TA for SOLUSD 1w
2025-11-21 01:23:53,149 [DEBUG] [feature_engine]: Appended new SOLUSD 1m candle. History size: 100
2025-11-21 01:23:53,165 [DEBUG] [feature_engine]: Calculated TA for SOLUSD 1m
2025-11-21 01:23:53,185 [DEBUG] [feature_engine]: Calculated TA for SOLUSD 5m
2025-11-21 01:23:53,201 [DEBUG] [feature_engine]: Calculated TA for SOLUSD 15m
2025-11-21 01:23:53,219 [DEBUG] [feature_engine]: Calculated TA for SOLUSD 1h
2025-11-21 01:23:53,234 [DEBUG] [feature_engine]: Calculated TA for SOLUSD 4h
2025-11-21 01:23:53,251 [DEBUG] [feature_engine]: Calculated TA for SOLUSD 1d
2025-11-21 01:23:53,266 [DEBUG] [feature_engine]: Calculated TA for SOLUSD 1w
2025-11-21 01:23:53,266 [DEBUG] [feature_engine]: Appended new SOLUSD 5m candle. History size: 100
2025-11-21 01:23:53,283 [DEBUG] [feature_engine]: Calculated TA for SOLUSD 1m
2025-11-21 01:23:53,299 [DEBUG] [feature_engine]: Calculated TA for SOLUSD 5m
2025-11-21 01:23:53,313 [DEBUG] [feature_engine]: Calculated TA for SOLUSD 15m
2025-11-21 01:23:53,331 [DEBUG] [feature_engine]: Calculated TA for SOLUSD 1h
2025-11-21 01:23:53,346 [DEBUG] [feature_engine]: Calculated TA for SOLUSD 4h
2025-11-21 01:23:53,366 [DEBUG] [feature_engine]: Calculated TA for SOLUSD 1d
2025-11-21 01:23:53,384 [DEBUG] [feature_engine]: Calculated TA for SOLUSD 1w
2025-11-21 01:23:53,395 [INFO] [ws_manager]: 🛰️ WS Message: v2/spot_price
2025-11-21 01:23:53,396 [INFO] [ws_manager]: 🛰️ WS Message: v2/spot_price
2025-11-21 01:23:53,407 [INFO] [feature_engine]: 📡 Enriched ETHUSD: KER=0.95, BB_W=5.6860, RSI=7.8
2025-11-21 01:23:53,408 [INFO] [ws_manager]: 🛰️ WS Message: v2/spot_price
2025-11-21 01:23:53,409 [INFO] [ws_manager]: 🛰️ WS Message: v2/ticker
2025-11-21 01:23:53,411 [INFO] [feature_engine]: 📡 Enriched SOLUSD: KER=0.98, BB_W=6.3668, RSI=5.9
2025-11-21 01:23:53,425 [INFO] [ws_manager]: 🛰️ WS Message: v2/ticker
2025-11-21 01:23:53,426 [INFO] [feature_engine]: 📡 Enriched BTCUSD: KER=0.96, BB_W=5.3409, RSI=6.4
2025-11-21 01:23:53,440 [INFO] [ws_manager]: 🛰️ WS Message: v2/ticker
2025-11-21 01:23:53,441 [INFO] [feature_engine]: 📡 Enriched ETHUSD: KER=0.95, BB_W=5.6860, RSI=7.8
2025-11-21 01:23:53,465 [INFO] [feature_engine]: 📡 Enriched SOLUSD: KER=0.98, BB_W=6.3668, RSI=5.9
2025-11-21 01:23:53,468 [INFO] [feature_engine]: 📡 Enriched ETHUSD: KER=0.95, BB_W=5.6860, RSI=7.8
2025-11-21 01:23:53,482 [INFO] [feature_engine]: 📡 Enriched ETHUSD: KER=0.95, BB_W=5.6860, RSI=7.8
2025-11-21 01:23:53,508 [INFO] [feature_engine]: 📡 Enriched ETHUSD: KER=0.95, BB_W=5.6860, RSI=7.8
2025-11-21 01:23:53,508 [DEBUG] [feature_engine]: Updated ETHUSD 15m candle.
2025-11-21 01:23:53,508 [DEBUG] [feature_engine]: Updated ETHUSD 1m candle.
2025-11-21 01:23:53,508 [DEBUG] [feature_engine]: Updated ETHUSD 1d candle.
2025-11-21 01:23:53,508 [DEBUG] [feature_engine]: Updated ETHUSD 4h candle.
2025-11-21 01:23:53,508 [DEBUG] [feature_engine]: Updated ETHUSD 5m candle.
2025-11-21 01:23:53,509 [DEBUG] [feature_engine]: Updated ETHUSD 1h candle.
2025-11-21 01:23:53,511 [INFO] [feature_engine]: 📡 Enriched ETHUSD: KER=0.95, BB_W=5.6860, RSI=7.8
2025-11-21 01:23:53,525 [INFO] [feature_engine]: 📡 Enriched ETHUSD: KER=0.95, BB_W=5.6860, RSI=7.8
2025-11-21 01:23:53,538 [INFO] [ws_manager]: 🛰️ WS Message: candlestick_15m
2025-11-21 01:23:53,539 [INFO] [ws_manager]: 🛰️ WS Message: candlestick_1d
2025-11-21 01:23:53,540 [INFO] [ws_manager]: 🛰️ WS Message: candlestick_1h
2025-11-21 01:23:53,542 [INFO] [feature_engine]: 📡 Enriched SOLUSD: KER=0.98, BB_W=6.3668, RSI=5.9
2025-11-21 01:23:53,543 [INFO] [ws_manager]: 🛰️ WS Message: v2/spot_price
2025-11-21 01:23:53,555 [INFO] [ws_manager]: 🛰️ WS Message: candlestick_5m
2025-11-21 01:23:53,556 [INFO] [ws_manager]: 🛰️ WS Message: candlestick_1m
2025-11-21 01:23:53,557 [INFO] [feature_engine]: 📡 Enriched ETHUSD: KER=0.95, BB_W=5.6860, RSI=7.8
2025-11-21 01:23:53,557 [DEBUG] [feature_engine]: Ticker for SOLUSD received and ignored.
2025-11-21 01:23:53,559 [INFO] [ws_manager]: 🛰️ WS Message: candlestick_4h
2025-11-21 01:23:53,572 [INFO] [ws_manager]: 🛰️ WS Message: v2/spot_price
2025-11-21 01:23:53,573 [INFO] [ws_manager]: 🛰️ WS Message: v2/spot_price
2025-11-21 01:23:53,574 [INFO] [feature_engine]: 📡 Enriched BTCUSD: KER=0.96, BB_W=5.3409, RSI=6.4
2025-11-21 01:23:53,587 [INFO] [feature_engine]: 📡 Enriched ETHUSD: KER=0.95, BB_W=5.6860, RSI=7.8
2025-11-21 01:23:53,587 [DEBUG] [feature_engine]: Ticker for ETHUSD received and ignored.
2025-11-21 01:23:53,612 [INFO] [feature_engine]: 📡 Enriched SOLUSD: KER=0.98, BB_W=6.3668, RSI=5.9
2025-11-21 01:23:53,624 [INFO] [feature_engine]: 📡 Enriched SOLUSD: KER=0.98, BB_W=6.3668, RSI=5.9
2025-11-21 01:23:53,638 [INFO] [feature_engine]: 📡 Enriched BTCUSD: KER=0.96, BB_W=5.3409, RSI=6.4
2025-11-21 01:23:53,639 [DEBUG] [feature_engine]: Ticker for BTCUSD received and ignored.
2025-11-21 01:23:53,653 [INFO] [feature_engine]: 📡 Enriched ETHUSD: KER=0.95, BB_W=5.6860, RSI=7.8
2025-11-21 01:23:53,667 [INFO] [feature_engine]: 📡 Enriched SOLUSD: KER=0.98, BB_W=6.3668, RSI=5.9
2025-11-21 01:23:53,681 [INFO] [feature_engine]: 📡 Enriched BTCUSD: KER=0.96, BB_W=5.3409, RSI=6.4
2025-11-21 01:23:53,694 [INFO] [feature_engine]: 📡 Enriched BTCUSD: KER=0.96, BB_W=5.3409, RSI=6.4
2025-11-21 01:23:53,697 [INFO] [feature_engine]: 📡 Enriched BTCUSD: KER=0.96, BB_W=5.3409, RSI=6.4
2025-11-21 01:23:53,711 [INFO] [feature_engine]: 📡 Enriched BTCUSD: KER=0.96, BB_W=5.3409, RSI=6.4
2025-11-21 01:23:53,735 [INFO] [feature_engine]: 📡 Enriched SOLUSD: KER=0.98, BB_W=6.3668, RSI=5.9
2025-11-21 01:23:53,748 [INFO] [feature_engine]: 📡 Enriched BTCUSD: KER=0.96, BB_W=5.3409, RSI=6.4
2025-11-21 01:23:53,748 [DEBUG] [feature_engine]: Updated BTCUSD 15m candle.
2025-11-21 01:23:53,748 [DEBUG] [feature_engine]: Updated BTCUSD 1d candle.
2025-11-21 01:23:53,749 [DEBUG] [feature_engine]: Updated BTCUSD 1h candle.
2025-11-21 01:23:53,749 [DEBUG] [feature_engine]: Updated BTCUSD 5m candle.
2025-11-21 01:23:53,749 [DEBUG] [feature_engine]: Updated BTCUSD 1m candle.
2025-11-21 01:23:53,749 [DEBUG] [feature_engine]: Updated BTCUSD 4h candle.
2025-11-21 01:23:53,752 [INFO] [feature_engine]: 📡 Enriched BTCUSD: KER=0.96, BB_W=5.3409, RSI=6.4
2025-11-21 01:23:53,776 [INFO] [feature_engine]: 📡 Enriched BTCUSD: KER=0.96, BB_W=5.3409, RSI=6.4
2025-11-21 01:23:53,929 [INFO] [feature_engine]: 📡 Enriched BTCUSD: KER=0.96, BB_W=5.3409, RSI=6.4
2025-11-21 01:23:53,943 [INFO] [feature_engine]: 📡 Enriched ETHUSD: KER=0.95, BB_W=5.6860, RSI=7.8
2025-11-21 01:23:54,043 [INFO] [feature_engine]: 📡 Enriched SOLUSD: KER=0.98, BB_W=6.3668, RSI=5.9
2025-11-21 01:23:54,045 [INFO] [ws_manager]: 🛰️ WS Message: candlestick_1h
2025-11-21 01:23:54,046 [DEBUG] [feature_engine]: Updated BTCUSD 1h candle.
2025-11-21 01:23:54,046 [INFO] [ws_manager]: 🛰️ WS Message: candlestick_15m
2025-11-21 01:23:54,047 [DEBUG] [feature_engine]: Updated BTCUSD 15m candle.
2025-11-21 01:23:54,047 [INFO] [ws_manager]: 🛰️ WS Message: candlestick_1d
2025-11-21 01:23:54,048 [DEBUG] [feature_engine]: Updated BTCUSD 1d candle.
2025-11-21 01:23:54,048 [INFO] [ws_manager]: 🛰️ WS Message: candlestick_1m
2025-11-21 01:23:54,049 [DEBUG] [feature_engine]: Updated BTCUSD 1m candle.
2025-11-21 01:23:54,062 [INFO] [ws_manager]: 🛰️ WS Message: candlestick_4h
2025-11-21 01:23:54,063 [INFO] [ws_manager]: 🛰️ WS Message: candlestick_5m
2025-11-21 01:23:54,065 [INFO] [feature_engine]: 📡 Enriched ETHUSD: KER=0.95, BB_W=5.6860, RSI=7.8
2025-11-21 01:23:54,065 [DEBUG] [feature_engine]: Updated BTCUSD 4h candle.
2025-11-21 01:23:54,066 [DEBUG] [feature_engine]: Updated BTCUSD 5m candle.
2025-11-21 01:23:54,112 [INFO] [feature_engine]: 📡 Enriched BTCUSD: KER=0.96, BB_W=5.3409, RSI=6.4
2025-11-21 01:23:54,127 [INFO] [feature_engine]: 📡 Enriched ETHUSD: KER=0.95, BB_W=5.6860, RSI=7.8
2025-11-21 01:23:54,151 [INFO] [feature_engine]: 📡 Enriched SOLUSD: KER=0.98, BB_W=6.3668, RSI=5.9
2025-11-21 01:23:54,168 [INFO] [feature_engine]: 📡 Enriched ETHUSD: KER=0.95, BB_W=5.6860, RSI=7.8
2025-11-21 01:23:54,182 [INFO] [feature_engine]: 📡 Enriched BTCUSD: KER=0.96, BB_W=5.3409, RSI=6.4
2025-11-21 01:23:54,260 [INFO] [feature_engine]: 📡 Enriched ETHUSD: KER=0.95, BB_W=5.6860, RSI=7.8
2025-11-21 01:23:54,368 [INFO] [feature_engine]: 📡 Enriched ETHUSD: KER=0.95, BB_W=5.6860, RSI=7.8
2025-11-21 01:23:54,408 [INFO] [feature_engine]: 📡 Enriched BTCUSD: KER=0.96, BB_W=5.3409, RSI=6.4
2025-11-21 01:23:54,526 [INFO] [ws_manager]: 🛰️ WS Message: candlestick_15m
2025-11-21 01:23:54,526 [DEBUG] [feature_engine]: Updated ETHUSD 15m candle.
2025-11-21 01:23:54,527 [INFO] [ws_manager]: 🛰️ WS Message: candlestick_1h
2025-11-21 01:23:54,527 [DEBUG] [feature_engine]: Updated ETHUSD 1h candle.
2025-11-21 01:23:54,527 [INFO] [ws_manager]: 🛰️ WS Message: candlestick_1d
2025-11-21 01:23:54,528 [DEBUG] [feature_engine]: Updated ETHUSD 1d candle.
2025-11-21 01:23:54,528 [INFO] [ws_manager]: 🛰️ WS Message: candlestick_4h
2025-11-21 01:23:54,528 [DEBUG] [feature_engine]: Updated ETHUSD 4h candle.
2025-11-21 01:23:54,528 [INFO] [ws_manager]: 🛰️ WS Message: candlestick_1m
2025-11-21 01:23:54,529 [DEBUG] [feature_engine]: Updated ETHUSD 1m candle.
2025-11-21 01:23:54,529 [INFO] [ws_manager]: 🛰️ WS Message: candlestick_5m
2025-11-21 01:23:54,529 [DEBUG] [feature_engine]: Updated ETHUSD 5m candle.
2025-11-21 01:23:54,530 [INFO] [ws_manager]: 🛰️ WS Message: v2/spot_price
2025-11-21 01:23:54,545 [INFO] [ws_manager]: 🛰️ WS Message: v2/spot_price
2025-11-21 01:23:54,546 [INFO] [ws_manager]: 🛰️ WS Message: v2/spot_price
2025-11-21 01:23:54,604 [INFO] [feature_engine]: 📡 Enriched ETHUSD: KER=0.95, BB_W=5.6860, RSI=7.8
2025-11-21 01:23:54,639 [INFO] [feature_engine]: 📡 Enriched BTCUSD: KER=0.96, BB_W=5.3409, RSI=6.4
2025-11-21 01:23:54,834 [INFO] [feature_engine]: 📡 Enriched ETHUSD: KER=0.95, BB_W=5.6860, RSI=7.8
2025-11-21 01:23:54,880 [INFO] [feature_engine]: 📡 Enriched BTCUSD: KER=0.96, BB_W=5.3409, RSI=6.4
2025-11-21 01:23:54,973 [INFO] [feature_engine]: 📡 Enriched SOLUSD: KER=0.98, BB_W=6.3668, RSI=5.9
2025-11-21 01:23:54,993 [INFO] [feature_engine]: 📡 Enriched BTCUSD: KER=0.96, BB_W=5.3409, RSI=6.4
2025-11-21 01:23:55,005 [INFO] [feature_engine]: 📡 Enriched SOLUSD: KER=0.98, BB_W=6.3668, RSI=5.9
2025-11-21 01:23:55,024 [INFO] [ws_manager]: 🛰️ WS Message: candlestick_15m
2025-11-21 01:23:55,025 [DEBUG] [feature_engine]: Updated SOLUSD 15m candle.
2025-11-21 01:23:55,025 [INFO] [ws_manager]: 🛰️ WS Message: candlestick_1d
2025-11-21 01:23:55,026 [DEBUG] [feature_engine]: Updated SOLUSD 1d candle.
2025-11-21 01:23:55,026 [INFO] [ws_manager]: 🛰️ WS Message: candlestick_1m
2025-11-21 01:23:55,026 [DEBUG] [feature_engine]: Updated SOLUSD 1m candle.
2025-11-21 01:23:55,027 [INFO] [ws_manager]: 🛰️ WS Message: candlestick_5m
2025-11-21 01:23:55,027 [DEBUG] [feature_engine]: Updated SOLUSD 5m candle.
2025-11-21 01:23:55,027 [INFO] [ws_manager]: 🛰️ WS Message: candlestick_4h
2025-11-21 01:23:55,028 [DEBUG] [feature_engine]: Updated SOLUSD 4h candle.
2025-11-21 01:23:55,028 [INFO] [ws_manager]: 🛰️ WS Message: candlestick_1h
2025-11-21 01:23:55,028 [DEBUG] [feature_engine]: Updated SOLUSD 1h candle.
2025-11-21 01:23:55,084 [INFO] [feature_engine]: 📡 Enriched ETHUSD: KER=0.95, BB_W=5.6860, RSI=7.8
2025-11-21 01:23:55,097 [INFO] [feature_engine]: 📡 Enriched SOLUSD: KER=0.98, BB_W=6.3668, RSI=5.9
2025-11-21 01:23:55,111 [INFO] [feature_engine]: 📡 Enriched BTCUSD: KER=0.96, BB_W=5.3409, RSI=6.4
2025-11-21 01:23:55,139 [INFO] [feature_engine]: 📡 Enriched BTCUSD: KER=0.96, BB_W=5.3409, RSI=6.4
2025-11-21 01:23:55,199 [INFO] [feature_engine]: 📡 Enriched SOLUSD: KER=0.98, BB_W=6.3668, RSI=5.9
2025-11-21 01:23:55,219 [INFO] [feature_engine]: 📡 Enriched BTCUSD: KER=0.96, BB_W=5.3409, RSI=6.4
2025-11-21 01:23:55,308 [INFO] [feature_engine]: 📡 Enriched SOLUSD: KER=0.98, BB_W=6.3668, RSI=5.9
2025-11-21 01:23:55,327 [INFO] [feature_engine]: 📡 Enriched BTCUSD: KER=0.96, BB_W=5.3409, RSI=6.4
2025-11-21 01:23:55,411 [INFO] [feature_engine]: 📡 Enriched SOLUSD: KER=0.98, BB_W=6.3668, RSI=5.9
2025-11-21 01:23:55,428 [INFO] [feature_engine]: 📡 Enriched ETHUSD: KER=0.95, BB_W=5.6860, RSI=7.8
2025-11-21 01:23:55,527 [INFO] [ws_manager]: 🛰️ WS Message: v2/spot_price
2025-11-21 01:23:55,536 [INFO] [ws_manager]: 🛰️ WS Message: v2/spot_price
2025-11-21 01:23:55,538 [INFO] [ws_manager]: 🛰️ WS Message: v2/spot_price
2025-11-21 01:23:55,574 [INFO] [feature_engine]: 📡 Enriched BTCUSD: KER=0.96, BB_W=5.3409, RSI=6.4
2025-11-21 01:23:55,638 [INFO] [feature_engine]: 📡 Enriched ETHUSD: KER=0.95, BB_W=5.6860, RSI=7.8
2025-11-21 01:23:55,686 [INFO] [feature_engine]: 📡 Enriched BTCUSD: KER=0.96, BB_W=5.3409, RSI=6.4
2025-11-21 01:23:55,802 [INFO] [feature_engine]: 📡 Enriched BTCUSD: KER=0.96, BB_W=5.3409, RSI=6.4
2025-11-21 01:23:55,957 [INFO] [tsl_manager]: PUT /v2/orders (stop edit) -> id=1047619110 price=132.1517 type=limit_order
2025-11-21 01:23:55,957 [DEBUG] [signing]: 🧮 REST Signature base: PUT1763668435/v2/orders{"id":1047619110,"limit_price":"132.1517","order_type":"limit_order","product_id":14823,"reduce_only":true,"side":"sell","size":1,"stop_price":"132.1517"}
2025-11-21 01:23:55,957 [DEBUG] [signing]: 🧾 REST Computed signature: a95a4a4dccf403a12f7d7a5cb656802f762078fa0118324c5fbbf189296923e4
2025-11-21 01:23:56,026 [INFO] [ws_manager]: 🛰️ WS Message: candlestick_15m
2025-11-21 01:23:56,026 [DEBUG] [feature_engine]: Updated BTCUSD 15m candle.
2025-11-21 01:23:56,029 [INFO] [ws_manager]: 🛰️ WS Message: candlestick_1h
2025-11-21 01:23:56,030 [DEBUG] [feature_engine]: Updated BTCUSD 1h candle.
2025-11-21 01:23:56,030 [INFO] [ws_manager]: 🛰️ WS Message: candlestick_1d
2025-11-21 01:23:56,031 [DEBUG] [feature_engine]: Updated BTCUSD 1d candle.
2025-11-21 01:23:56,031 [INFO] [ws_manager]: 🛰️ WS Message: candlestick_1m
2025-11-21 01:23:56,032 [DEBUG] [feature_engine]: Updated BTCUSD 1m candle.
2025-11-21 01:23:56,032 [INFO] [ws_manager]: 🛰️ WS Message: candlestick_4h
2025-11-21 01:23:56,032 [DEBUG] [feature_engine]: Updated BTCUSD 4h candle.
2025-11-21 01:23:56,033 [INFO] [ws_manager]: 🛰️ WS Message: candlestick_5m
2025-11-21 01:23:56,034 [DEBUG] [feature_engine]: Updated BTCUSD 5m candle.
2025-11-21 01:23:56,097 [INFO] [feature_engine]: 📡 Enriched ETHUSD: KER=0.95, BB_W=5.6860, RSI=7.8
2025-11-21 01:23:56,217 [INFO] [feature_engine]: 📡 Enriched ETHUSD: KER=0.95, BB_W=5.6860, RSI=7.8
2025-11-21 01:23:56,439 [INFO] [feature_engine]: 📡 Enriched SOLUSD: KER=0.98, BB_W=6.3668, RSI=5.9
2025-11-21 01:23:56,453 [INFO] [feature_engine]: 📡 Enriched ETHUSD: KER=0.95, BB_W=5.6860, RSI=7.8
2025-11-21 01:23:56,474 [INFO] [feature_engine]: 📡 Enriched SOLUSD: KER=0.98, BB_W=6.3668, RSI=5.9
2025-11-21 01:23:56,524 [INFO] [ws_manager]: 🛰️ WS Message: candlestick_1d
2025-11-21 01:23:56,525 [DEBUG] [feature_engine]: Updated SOLUSD 1d candle.
2025-11-21 01:23:56,526 [INFO] [ws_manager]: 🛰️ WS Message: candlestick_15m
2025-11-21 01:23:56,526 [DEBUG] [feature_engine]: Updated SOLUSD 15m candle.
2025-11-21 01:23:56,527 [INFO] [ws_manager]: 🛰️ WS Message: candlestick_1m
2025-11-21 01:23:56,527 [DEBUG] [feature_engine]: Updated SOLUSD 1m candle.
2025-11-21 01:23:56,528 [INFO] [ws_manager]: 🛰️ WS Message: candlestick_4h
2025-11-21 01:23:56,528 [DEBUG] [feature_engine]: Updated SOLUSD 4h candle.
2025-11-21 01:23:56,528 [INFO] [ws_manager]: 🛰️ WS Message: candlestick_5m
2025-11-21 01:23:56,529 [DEBUG] [feature_engine]: Updated SOLUSD 5m candle.
2025-11-21 01:23:56,529 [INFO] [ws_manager]: 🛰️ WS Message: candlestick_1h
2025-11-21 01:23:56,530 [DEBUG] [feature_engine]: Updated SOLUSD 1h candle.
2025-11-21 01:23:56,530 [INFO] [ws_manager]: 🛰️ WS Message: v2/spot_price
2025-11-21 01:23:56,535 [INFO] [ws_manager]: 🛰️ WS Message: v2/spot_price
2025-11-21 01:23:56,551 [INFO] [ws_manager]: 🛰️ WS Message: v2/spot_price
2025-11-21 01:23:56,583 [INFO] [feature_engine]: 📡 Enriched SOLUSD: KER=0.98, BB_W=6.3668, RSI=5.9
2025-11-21 01:23:56,660 [INFO] [ws_manager]: 🛰️ WS Message: orders
2025-11-21 01:23:56,662 [INFO] [tsl_manager]: ✅ Stop order 1047619110 updated to 132.1517
2025-11-21 01:23:56,758 [INFO] [feature_engine]: 📡 Enriched BTCUSD: KER=0.96, BB_W=5.3409, RSI=6.4
2025-11-21 01:23:56,800 [INFO] [feature_engine]: 📡 Enriched ETHUSD: KER=0.95, BB_W=5.6860, RSI=7.8
2025-11-21 01:23:56,857 [INFO] [feature_engine]: 📡 Enriched BTCUSD: KER=0.96, BB_W=5.3409, RSI=6.4
2025-11-21 01:23:56,917 [INFO] [feature_engine]: 📡 Enriched ETHUSD: KER=0.95, BB_W=5.6860, RSI=7.8
2025-11-21 01:23:56,971 [INFO] [feature_engine]: 📡 Enriched BTCUSD: KER=0.96, BB_W=5.3409, RSI=6.4
2025-11-21 01:23:57,026 [INFO] [feature_engine]: 📡 Enriched ETHUSD: KER=0.95, BB_W=5.6860, RSI=7.8
2025-11-21 01:23:57,033 [INFO] [feature_engine]: 📡 Enriched SOLUSD: KER=0.98, BB_W=6.3668, RSI=5.9
2025-11-21 01:23:57,048 [INFO] [ws_manager]: 🛰️ WS Message: candlestick_15m
2025-11-21 01:23:57,048 [DEBUG] [feature_engine]: Updated BTCUSD 15m candle.
2025-11-21 01:23:57,048 [INFO] [ws_manager]: 🛰️ WS Message: candlestick_1h
2025-11-21 01:23:57,050 [DEBUG] [feature_engine]: Updated BTCUSD 1h candle.
2025-11-21 01:23:57,050 [INFO] [ws_manager]: 🛰️ WS Message: candlestick_1m
2025-11-21 01:23:57,051 [DEBUG] [feature_engine]: Updated BTCUSD 1m candle.
2025-11-21 01:23:57,051 [INFO] [ws_manager]: 🛰️ WS Message: candlestick_1d
2025-11-21 01:23:57,051 [DEBUG] [feature_engine]: Updated BTCUSD 1d candle.
2025-11-21 01:23:57,051 [INFO] [ws_manager]: 🛰️ WS Message: candlestick_5m
2025-11-21 01:23:57,052 [DEBUG] [feature_engine]: Updated BTCUSD 5m candle.
2025-11-21 01:23:57,052 [INFO] [ws_manager]: 🛰️ WS Message: candlestick_4h
2025-11-21 01:23:57,052 [DEBUG] [feature_engine]: Updated BTCUSD 4h candle.
2025-11-21 01:23:57,124 [INFO] [feature_engine]: 📡 Enriched SOLUSD: KER=0.98, BB_W=6.3668, RSI=5.9
2025-11-21 01:23:57,137 [INFO] [feature_engine]: 📡 Enriched ETHUSD: KER=0.95, BB_W=5.6860, RSI=7.8
2025-11-21 01:23:57,185 [INFO] [feature_engine]: 📡 Enriched BTCUSD: KER=0.96, BB_W=5.3409, RSI=6.4
2025-11-21 01:23:57,308 [INFO] [feature_engine]: 📡 Enriched BTCUSD: KER=0.96, BB_W=5.3409, RSI=6.4
2025-11-21 01:23:57,436 [INFO] [feature_engine]: 📡 Enriched SOLUSD: KER=0.98, BB_W=6.3668, RSI=5.9
2025-11-21 01:23:57,535 [INFO] [feature_engine]: 📡 Enriched BTCUSD: KER=0.96, BB_W=5.3409, RSI=6.4
2025-11-21 01:23:57,536 [INFO] [ws_manager]: 🛰️ WS Message: v2/spot_price
2025-11-21 01:23:57,551 [INFO] [ws_manager]: 🛰️ WS Message: v2/spot_price
2025-11-21 01:23:57,552 [INFO] [ws_manager]: 🛰️ WS Message: v2/spot_price
2025-11-21 01:23:57,560 [INFO] [feature_engine]: 📡 Enriched ETHUSD: KER=0.95, BB_W=5.6860, RSI=7.8
2025-11-21 01:23:57,587 [INFO] [feature_engine]: 📡 Enriched ETHUSD: KER=0.95, BB_W=5.6860, RSI=7.8
2025-11-21 01:23:57,612 [INFO] [feature_engine]: 📡 Enriched ETHUSD: KER=0.95, BB_W=5.6860, RSI=7.8
2025-11-21 01:23:57,626 [INFO] [feature_engine]: 📡 Enriched ETHUSD: KER=0.95, BB_W=5.6860, RSI=7.8
2025-11-21 01:23:57,710 [INFO] [feature_engine]: 📡 Enriched ETHUSD: KER=0.95, BB_W=5.6860, RSI=7.8
2025-11-21 01:23:57,807 [INFO] [feature_engine]: 📡 Enriched BTCUSD: KER=0.96, BB_W=5.3409, RSI=6.4
2025-11-21 01:23:57,826 [INFO] [feature_engine]: 📡 Enriched ETHUSD: KER=0.95, BB_W=5.6860, RSI=7.8
2025-11-21 01:23:57,832 [INFO] [ws_manager]: 🛰️ WS Message: v2/ticker
2025-11-21 01:23:57,833 [DEBUG] [feature_engine]: Ticker for SOLUSD received and ignored.
2025-11-21 01:23:57,930 [INFO] [feature_engine]: 📡 Enriched ETHUSD: KER=0.95, BB_W=5.6860, RSI=7.8
2025-11-21 01:23:57,941 [INFO] [ws_manager]: 🛰️ WS Message: v2/ticker
2025-11-21 01:23:57,941 [DEBUG] [feature_engine]: Ticker for ETHUSD received and ignored.
2025-11-21 01:23:57,978 [INFO] [feature_engine]: 📡 Enriched BTCUSD: KER=0.96, BB_W=5.3409, RSI=6.4
2025-11-21 01:23:58,026 [INFO] [ws_manager]: 🛰️ WS Message: candlestick_15m
2025-11-21 01:23:58,027 [DEBUG] [feature_engine]: Updated ETHUSD 15m candle.
2025-11-21 01:23:58,027 [INFO] [ws_manager]: 🛰️ WS Message: candlestick_1h
2025-11-21 01:23:58,028 [DEBUG] [feature_engine]: Updated ETHUSD 1h candle.
2025-11-21 01:23:58,028 [INFO] [ws_manager]: 🛰️ WS Message: candlestick_1m
2025-11-21 01:23:58,029 [DEBUG] [feature_engine]: Updated ETHUSD 1m candle.
2025-11-21 01:23:58,029 [INFO] [ws_manager]: 🛰️ WS Message: candlestick_15m
2025-11-21 01:23:58,029 [DEBUG] [feature_engine]: Updated BTCUSD 15m candle.
2025-11-21 01:23:58,029 [INFO] [ws_manager]: 🛰️ WS Message: candlestick_1d
2025-11-21 01:23:58,030 [DEBUG] [feature_engine]: Updated BTCUSD 1d candle.
2025-11-21 01:23:58,030 [INFO] [ws_manager]: 🛰️ WS Message: candlestick_5m
2025-11-21 01:23:58,031 [DEBUG] [feature_engine]: Updated ETHUSD 5m candle.
2025-11-21 01:23:58,035 [INFO] [ws_manager]: 🛰️ WS Message: candlestick_1h
2025-11-21 01:23:58,036 [DEBUG] [feature_engine]: Updated BTCUSD 1h candle.
2025-11-21 01:23:58,036 [INFO] [ws_manager]: 🛰️ WS Message: candlestick_1d
2025-11-21 01:23:58,037 [DEBUG] [feature_engine]: Updated ETHUSD 1d candle.
2025-11-21 01:23:58,037 [INFO] [ws_manager]: 🛰️ WS Message: candlestick_1m
2025-11-21 01:23:58,038 [DEBUG] [feature_engine]: Updated BTCUSD 1m candle.
2025-11-21 01:23:58,038 [INFO] [ws_manager]: 🛰️ WS Message: candlestick_4h
2025-11-21 01:23:58,039 [DEBUG] [feature_engine]: Updated ETHUSD 4h candle.
2025-11-21 01:23:58,039 [INFO] [ws_manager]: 🛰️ WS Message: candlestick_5m
2025-11-21 01:23:58,040 [DEBUG] [feature_engine]: Updated BTCUSD 5m candle.
2025-11-21 01:23:58,040 [INFO] [ws_manager]: 🛰️ WS Message: candlestick_4h
2025-11-21 01:23:58,040 [DEBUG] [feature_engine]: Updated BTCUSD 4h candle.
2025-11-21 01:23:58,041 [INFO] [ws_manager]: 🛰️ WS Message: v2/ticker
2025-11-21 01:23:58,042 [DEBUG] [feature_engine]: Ticker for BTCUSD received and ignored.
2025-11-21 01:23:58,183 [INFO] [feature_engine]: 📡 Enriched ETHUSD: KER=0.95, BB_W=5.6860, RSI=7.8
2025-11-21 01:23:58,229 [INFO] [feature_engine]: 📡 Enriched ETHUSD: KER=0.95, BB_W=5.6860, RSI=7.8
2025-11-21 01:23:58,304 [INFO] [feature_engine]: 📡 Enriched ETHUSD: KER=0.95, BB_W=5.6860, RSI=7.8
2025-11-21 01:23:58,308 [INFO] [feature_engine]: 📡 Enriched BTCUSD: KER=0.96, BB_W=5.3409, RSI=6.4
2025-11-21 01:23:58,331 [INFO] [feature_engine]: 📡 Enriched BTCUSD: KER=0.96, BB_W=5.3409, RSI=6.4
2025-11-21 01:23:58,371 [INFO] [feature_engine]: 📡 Enriched SOLUSD: KER=0.98, BB_W=6.3668, RSI=5.9
2025-11-21 01:23:58,405 [INFO] [feature_engine]: 📡 Enriched SOLUSD: KER=0.98, BB_W=6.3668, RSI=5.9
2025-11-21 01:23:58,425 [INFO] [feature_engine]: 📡 Enriched ETHUSD: KER=0.95, BB_W=5.6860, RSI=7.8
2025-11-21 01:23:58,513 [INFO] [feature_engine]: 📡 Enriched SOLUSD: KER=0.98, BB_W=6.3668, RSI=5.9
2025-11-21 01:23:58,525 [INFO] [ws_manager]: 🛰️ WS Message: candlestick_15m
2025-11-21 01:23:58,525 [DEBUG] [feature_engine]: Updated SOLUSD 15m candle.
2025-11-21 01:23:58,526 [INFO] [ws_manager]: 🛰️ WS Message: candlestick_15m
2025-11-21 01:23:58,527 [DEBUG] [feature_engine]: Updated BTCUSD 15m candle.
2025-11-21 01:23:58,529 [INFO] [ws_manager]: 🛰️ WS Message: candlestick_1m
2025-11-21 01:23:58,530 [DEBUG] [feature_engine]: Updated BTCUSD 1m candle.
2025-11-21 01:23:58,530 [INFO] [ws_manager]: 🛰️ WS Message: v2/spot_price
2025-11-21 01:23:58,530 [INFO] [ws_manager]: 🛰️ WS Message: candlestick_1d
2025-11-21 01:23:58,530 [DEBUG] [feature_engine]: Updated SOLUSD 1d candle.
2025-11-21 01:23:58,531 [INFO] [ws_manager]: 🛰️ WS Message: candlestick_1h
2025-11-21 01:23:58,531 [DEBUG] [feature_engine]: Updated BTCUSD 1h candle.
2025-11-21 01:23:58,531 [INFO] [ws_manager]: 🛰️ WS Message: candlestick_1m
2025-11-21 01:23:58,532 [DEBUG] [feature_engine]: Updated SOLUSD 1m candle.
2025-11-21 01:23:58,532 [INFO] [ws_manager]: 🛰️ WS Message: candlestick_1d
2025-11-21 01:23:58,533 [DEBUG] [feature_engine]: Updated BTCUSD 1d candle.
2025-11-21 01:23:58,533 [INFO] [ws_manager]: 🛰️ WS Message: candlestick_4h
2025-11-21 01:23:58,533 [DEBUG] [feature_engine]: Updated BTCUSD 4h candle.
2025-11-21 01:23:58,533 [INFO] [ws_manager]: 🛰️ WS Message: candlestick_5m
2025-11-21 01:23:58,534 [DEBUG] [feature_engine]: Updated BTCUSD 5m candle.
2025-11-21 01:23:58,539 [INFO] [ws_manager]: 🛰️ WS Message: candlestick_5m
2025-11-21 01:23:58,539 [DEBUG] [feature_engine]: Updated SOLUSD 5m candle.
2025-11-21 01:23:58,540 [INFO] [ws_manager]: 🛰️ WS Message: candlestick_4h
2025-11-21 01:23:58,540 [DEBUG] [feature_engine]: Updated SOLUSD 4h candle.
2025-11-21 01:23:58,541 [INFO] [ws_manager]: 🛰️ WS Message: candlestick_1h
2025-11-21 01:23:58,541 [DEBUG] [feature_engine]: Updated SOLUSD 1h candle.
2025-11-21 01:23:58,541 [INFO] [ws_manager]: 🛰️ WS Message: v2/spot_price
2025-11-21 01:23:58,556 [INFO] [ws_manager]: 🛰️ WS Message: v2/spot_price
2025-11-21 01:23:58,765 [INFO] [feature_engine]: 📡 Enriched ETHUSD: KER=0.95, BB_W=5.6860, RSI=7.8
2025-11-21 01:23:58,788 [INFO] [feature_engine]: 📡 Enriched BTCUSD: KER=0.96, BB_W=5.3409, RSI=6.4
2025-11-21 01:23:58,834 [INFO] [feature_engine]: 📡 Enriched SOLUSD: KER=0.98, BB_W=6.3668, RSI=5.9
2025-11-21 01:23:58,846 [INFO] [feature_engine]: 📡 Enriched BTCUSD: KER=0.96, BB_W=5.3409, RSI=6.4
2025-11-21 01:23:58,899 [INFO] [feature_engine]: 📡 Enriched BTCUSD: KER=0.96, BB_W=5.3409, RSI=6.4
2025-11-21 01:23:58,983 [INFO] [feature_engine]: 📡 Enriched ETHUSD: KER=0.95, BB_W=5.6860, RSI=7.8
2025-11-21 01:23:59,012 [INFO] [feature_engine]: 📡 Enriched BTCUSD: KER=0.96, BB_W=5.3409, RSI=6.4
2025-11-21 01:23:59,026 [INFO] [ws_manager]: 🛰️ WS Message: candlestick_15m
2025-11-21 01:23:59,026 [DEBUG] [feature_engine]: Updated BTCUSD 15m candle.
2025-11-21 01:23:59,028 [INFO] [ws_manager]: 🛰️ WS Message: candlestick_1h
2025-11-21 01:23:59,028 [DEBUG] [feature_engine]: Updated BTCUSD 1h candle.
2025-11-21 01:23:59,028 [INFO] [ws_manager]: 🛰️ WS Message: candlestick_1d
2025-11-21 01:23:59,029 [DEBUG] [feature_engine]: Updated BTCUSD 1d candle.
2025-11-21 01:23:59,029 [INFO] [ws_manager]: 🛰️ WS Message: candlestick_1m
2025-11-21 01:23:59,029 [DEBUG] [feature_engine]: Updated BTCUSD 1m candle.
2025-11-21 01:23:59,030 [INFO] [ws_manager]: 🛰️ WS Message: candlestick_5m
2025-11-21 01:23:59,030 [DEBUG] [feature_engine]: Updated BTCUSD 5m candle.
2025-11-21 01:23:59,030 [INFO] [ws_manager]: 🛰️ WS Message: candlestick_4h
2025-11-21 01:23:59,031 [DEBUG] [feature_engine]: Updated BTCUSD 4h candle.
2025-11-21 01:23:59,052 [INFO] [feature_engine]: 📡 Enriched SOLUSD: KER=0.98, BB_W=6.3668, RSI=5.9
2025-11-21 01:23:59,163 [INFO] [feature_engine]: 📡 Enriched SOLUSD: KER=0.98, BB_W=6.3668, RSI=5.9
2025-11-21 01:23:59,262 [INFO] [feature_engine]: 📡 Enriched BTCUSD: KER=0.96, BB_W=5.3409, RSI=6.4
2025-11-21 01:23:59,275 [INFO] [feature_engine]: 📡 Enriched SOLUSD: KER=0.98, BB_W=6.3668, RSI=5.9
2025-11-21 01:23:59,324 [INFO] [feature_engine]: 📡 Enriched BTCUSD: KER=0.96, BB_W=5.3409, RSI=6.4
2025-11-21 01:23:59,349 [INFO] [feature_engine]: 📡 Enriched ETHUSD: KER=0.95, BB_W=5.6860, RSI=7.8
2025-11-21 01:23:59,485 [INFO] [feature_engine]: 📡 Enriched BTCUSD: KER=0.96, BB_W=5.3409, RSI=6.4
2025-11-21 01:23:59,528 [INFO] [ws_manager]: 🛰️ WS Message: v2/spot_price
2025-11-21 01:23:59,538 [INFO] [ws_manager]: 🛰️ WS Message: v2/spot_price
2025-11-21 01:23:59,561 [INFO] [ws_manager]: 🛰️ WS Message: v2/spot_price
2025-11-21 01:23:59,575 [INFO] [feature_engine]: 📡 Enriched ETHUSD: KER=0.95, BB_W=5.6860, RSI=7.8
2025-11-21 01:23:59,677 [INFO] [feature_engine]: 📡 Enriched ETHUSD: KER=0.95, BB_W=5.6860, RSI=7.8
2025-11-21 01:23:59,686 [INFO] [feature_engine]: 📡 Enriched ETHUSD: KER=0.95, BB_W=5.6860, RSI=7.8
2025-11-21 01:23:59,710 [INFO] [feature_engine]: 📡 Enriched SOLUSD: KER=0.98, BB_W=6.3668, RSI=5.9
2025-11-21 01:23:59,723 [INFO] [feature_engine]: 📡 Enriched BTCUSD: KER=0.96, BB_W=5.3409, RSI=6.4
2025-11-21 01:23:59,765 [INFO] [feature_engine]: 📡 Enriched BTCUSD: KER=0.96, BB_W=5.3409, RSI=6.4
2025-11-21 01:23:59,782 [INFO] [feature_engine]: 📡 Enriched ETHUSD: KER=0.95, BB_W=5.6860, RSI=7.8
2025-11-21 01:23:59,793 [INFO] [feature_engine]: 📡 Enriched SOLUSD: KER=0.98, BB_W=6.3668, RSI=5.9
2025-11-21 01:23:59,822 [INFO] [feature_engine]: 📡 Enriched BTCUSD: KER=0.96, BB_W=5.3409, RSI=6.4
2025-11-21 01:23:59,935 [INFO] [feature_engine]: 📡 Enriched BTCUSD: KER=0.96, BB_W=5.3409, RSI=6.4
2025-11-21 01:24:00,020 [INFO] [feature_engine]: 📡 Enriched ETHUSD: KER=0.95, BB_W=5.6860, RSI=7.8
2025-11-21 01:24:00,025 [INFO] [ws_manager]: 🛰️ WS Message: candlestick_15m
2025-11-21 01:24:00,026 [DEBUG] [feature_engine]: Updated ETHUSD 15m candle.
2025-11-21 01:24:00,027 [INFO] [ws_manager]: 🛰️ WS Message: candlestick_1d
2025-11-21 01:24:00,027 [DEBUG] [feature_engine]: Updated BTCUSD 1d candle.
2025-11-21 01:24:00,028 [INFO] [ws_manager]: 🛰️ WS Message: candlestick_1h
2025-11-21 01:24:00,028 [DEBUG] [feature_engine]: Updated BTCUSD 1h candle.
2025-11-21 01:24:00,029 [INFO] [ws_manager]: 🛰️ WS Message: candlestick_1d
2025-11-21 01:24:00,029 [DEBUG] [feature_engine]: Updated ETHUSD 1d candle.
2025-11-21 01:24:00,029 [INFO] [ws_manager]: 🛰️ WS Message: candlestick_15m
2025-11-21 01:24:00,030 [DEBUG] [feature_engine]: Updated BTCUSD 15m candle.
2025-11-21 01:24:00,032 [INFO] [ws_manager]: 🛰️ WS Message: candlestick_1h
2025-11-21 01:24:00,033 [DEBUG] [feature_engine]: Updated ETHUSD 1h candle.
2025-11-21 01:24:00,033 [INFO] [ws_manager]: 🛰️ WS Message: candlestick_1m
2025-11-21 01:24:00,033 [DEBUG] [feature_engine]: Updated BTCUSD 1m candle.
2025-11-21 01:24:00,034 [INFO] [ws_manager]: 🛰️ WS Message: candlestick_1m
2025-11-21 01:24:00,035 [DEBUG] [feature_engine]: Updated ETHUSD 1m candle.
2025-11-21 01:24:00,035 [INFO] [ws_manager]: 🛰️ WS Message: candlestick_5m
2025-11-21 01:24:00,036 [DEBUG] [feature_engine]: Updated ETHUSD 5m candle.
2025-11-21 01:24:00,036 [INFO] [ws_manager]: 🛰️ WS Message: candlestick_4h
2025-11-21 01:24:00,037 [DEBUG] [feature_engine]: Updated ETHUSD 4h candle.
2025-11-21 01:24:00,038 [INFO] [ws_manager]: 🛰️ WS Message: candlestick_4h
2025-11-21 01:24:00,039 [DEBUG] [feature_engine]: Updated BTCUSD 4h candle.
2025-11-21 01:24:00,039 [INFO] [ws_manager]: 🛰️ WS Message: candlestick_5m
2025-11-21 01:24:00,040 [DEBUG] [feature_engine]: Updated BTCUSD 5m candle.
2025-11-21 01:24:00,070 [INFO] [feature_engine]: 📡 Enriched ETHUSD: KER=0.95, BB_W=5.6860, RSI=7.8
2025-11-21 01:24:00,084 [INFO] [feature_engine]: 📡 Enriched BTCUSD: KER=0.96, BB_W=5.3409, RSI=6.4
2025-11-21 01:24:00,116 [INFO] [feature_engine]: 📡 Enriched SOLUSD: KER=0.98, BB_W=6.3668, RSI=5.9
2025-11-21 01:24:00,139 [INFO] [feature_engine]: 📡 Enriched ETHUSD: KER=0.95, BB_W=5.6860, RSI=7.8
2025-11-21 01:24:00,151 [INFO] [feature_engine]: 📡 Enriched ETHUSD: KER=0.95, BB_W=5.6860, RSI=7.8
2025-11-21 01:24:00,173 [INFO] [feature_engine]: 📡 Enriched BTCUSD: KER=0.96, BB_W=5.3409, RSI=6.4
2025-11-21 01:24:00,235 [INFO] [feature_engine]: 📡 Enriched SOLUSD: KER=0.98, BB_W=6.3668, RSI=5.9
2025-11-21 01:24:00,250 [INFO] [feature_engine]: 📡 Enriched ETHUSD: KER=0.95, BB_W=5.6860, RSI=7.8
2025-11-21 01:24:00,264 [INFO] [feature_engine]: 📡 Enriched ETHUSD: KER=0.95, BB_W=5.6860, RSI=7.8
2025-11-21 01:24:00,277 [INFO] [feature_engine]: 📡 Enriched ETHUSD: KER=0.95, BB_W=5.6860, RSI=7.8
2025-11-21 01:24:00,291 [INFO] [feature_engine]: 📡 Enriched BTCUSD: KER=0.96, BB_W=5.3409, RSI=6.4
2025-11-21 01:24:00,354 [INFO] [feature_engine]: 📡 Enriched ETHUSD: KER=0.95, BB_W=5.6860, RSI=7.8
2025-11-21 01:24:00,405 [INFO] [feature_engine]: 📡 Enriched BTCUSD: KER=0.96, BB_W=5.3409, RSI=6.4
2025-11-21 01:24:00,468 [INFO] [feature_engine]: 📡 Enriched ETHUSD: KER=0.95, BB_W=5.6860, RSI=7.8
2025-11-21 01:24:00,527 [INFO] [ws_manager]: 🛰️ WS Message: v2/spot_price
2025-11-21 01:24:00,537 [INFO] [ws_manager]: 🛰️ WS Message: v2/spot_price
2025-11-21 01:24:00,554 [INFO] [ws_manager]: 🛰️ WS Message: v2/spot_price
2025-11-21 01:24:00,554 [INFO] [ws_manager]: 🛰️ WS Message: candlestick_15m
2025-11-21 01:24:00,556 [DEBUG] [feature_engine]: Updated ETHUSD 15m candle.
2025-11-21 01:24:00,556 [INFO] [ws_manager]: 🛰️ WS Message: candlestick_1m
2025-11-21 01:24:00,557 [DEBUG] [feature_engine]: Appended new ETHUSD 1m candle. History size: 100
2025-11-21 01:24:00,578 [DEBUG] [feature_engine]: Calculated TA for ETHUSD 1m
2025-11-21 01:24:00,597 [DEBUG] [feature_engine]: Calculated TA for ETHUSD 5m
2025-11-21 01:24:00,612 [DEBUG] [feature_engine]: Calculated TA for ETHUSD 15m
2025-11-21 01:24:00,627 [DEBUG] [feature_engine]: Calculated TA for ETHUSD 1h
2025-11-21 01:24:00,642 [DEBUG] [feature_engine]: Calculated TA for ETHUSD 4h
2025-11-21 01:24:00,658 [DEBUG] [feature_engine]: Calculated TA for ETHUSD 1d
2025-11-21 01:24:00,673 [DEBUG] [feature_engine]: Calculated TA for ETHUSD 1w
2025-11-21 01:24:00,673 [INFO] [ws_manager]: 🛰️ WS Message: candlestick_1d
2025-11-21 01:24:00,675 [DEBUG] [feature_engine]: Updated ETHUSD 1d candle.
2025-11-21 01:24:00,675 [INFO] [ws_manager]: 🛰️ WS Message: candlestick_1h
2025-11-21 01:24:00,676 [DEBUG] [feature_engine]: Updated ETHUSD 1h candle.
2025-11-21 01:24:00,676 [INFO] [ws_manager]: 🛰️ WS Message: candlestick_5m
2025-11-21 01:24:00,677 [DEBUG] [feature_engine]: Updated ETHUSD 5m candle.
2025-11-21 01:24:00,677 [INFO] [ws_manager]: 🛰️ WS Message: candlestick_4h
2025-11-21 01:24:00,678 [DEBUG] [feature_engine]: Updated ETHUSD 4h candle.
2025-11-21 01:24:00,691 [INFO] [feature_engine]: 📡 Enriched BTCUSD: KER=0.96, BB_W=5.3409, RSI=6.4
2025-11-21 01:24:00,706 [INFO] [feature_engine]: 📡 Enriched BTCUSD: KER=0.96, BB_W=5.3409, RSI=6.4
2025-11-21 01:24:00,720 [INFO] [feature_engine]: 📡 Enriched SOLUSD: KER=0.98, BB_W=6.3668, RSI=5.9
2025-11-21 01:24:00,723 [INFO] [feature_engine]: 📡 Enriched ETHUSD: KER=0.95, BB_W=5.6572, RSI=7.9
2025-11-21 01:24:00,746 [INFO] [feature_engine]: 📡 Enriched ETHUSD: KER=0.95, BB_W=5.6572, RSI=7.9
2025-11-21 01:24:00,749 [INFO] [feature_engine]: 📡 Enriched ETHUSD: KER=0.95, BB_W=5.6572, RSI=7.9
2025-11-21 01:24:00,761 [INFO] [feature_engine]: 📡 Enriched ETHUSD: KER=0.95, BB_W=5.6572, RSI=7.9
2025-11-21 01:24:00,774 [INFO] [feature_engine]: 📡 Enriched ETHUSD: KER=0.95, BB_W=5.6572, RSI=7.9
2025-11-21 01:24:00,796 [INFO] [feature_engine]: 📡 Enriched BTCUSD: KER=0.96, BB_W=5.3409, RSI=6.4
2025-11-21 01:24:00,798 [INFO] [feature_engine]: 📡 Enriched BTCUSD: KER=0.96, BB_W=5.3409, RSI=6.4
2025-11-21 01:24:00,822 [INFO] [feature_engine]: 📡 Enriched BTCUSD: KER=0.96, BB_W=5.3409, RSI=6.4
2025-11-21 01:24:00,835 [INFO] [feature_engine]: 📡 Enriched BTCUSD: KER=0.96, BB_W=5.3409, RSI=6.4
2025-11-21 01:24:00,838 [INFO] [feature_engine]: 📡 Enriched ETHUSD: KER=0.95, BB_W=5.6572, RSI=7.9
2025-11-21 01:24:00,863 [INFO] [feature_engine]: 📡 Enriched ETHUSD: KER=0.95, BB_W=5.6572, RSI=7.9
2025-11-21 01:24:00,877 [INFO] [feature_engine]: 📡 Enriched BTCUSD: KER=0.96, BB_W=5.3409, RSI=6.4
2025-11-21 01:24:00,907 [INFO] [feature_engine]: 📡 Enriched ETHUSD: KER=0.95, BB_W=5.6572, RSI=7.9
2025-11-21 01:24:00,966 [INFO] [feature_engine]: 📡 Enriched BTCUSD: KER=0.96, BB_W=5.3409, RSI=6.4
2025-11-21 01:24:00,983 [INFO] [feature_engine]: 📡 Enriched SOLUSD: KER=0.98, BB_W=6.3668, RSI=5.9
2025-11-21 01:24:00,998 [INFO] [feature_engine]: 📡 Enriched BTCUSD: KER=0.96, BB_W=5.3409, RSI=6.4
2025-11-21 01:24:01,025 [INFO] [feature_engine]: 📡 Enriched ETHUSD: KER=0.95, BB_W=5.6572, RSI=7.9
2025-11-21 01:24:01,025 [INFO] [ws_manager]: 🛰️ WS Message: candlestick_1m
2025-11-21 01:24:01,026 [DEBUG] [feature_engine]: Appended new BTCUSD 1m candle. History size: 100
2025-11-21 01:24:01,047 [DEBUG] [feature_engine]: Calculated TA for BTCUSD 1m
2025-11-21 01:24:01,070 [DEBUG] [feature_engine]: Calculated TA for BTCUSD 5m
2025-11-21 01:24:01,091 [DEBUG] [feature_engine]: Calculated TA for BTCUSD 15m
2025-11-21 01:24:01,110 [DEBUG] [feature_engine]: Calculated TA for BTCUSD 1h
2025-11-21 01:24:01,126 [DEBUG] [feature_engine]: Calculated TA for BTCUSD 4h
2025-11-21 01:24:01,141 [DEBUG] [feature_engine]: Calculated TA for BTCUSD 1d
2025-11-21 01:24:01,157 [DEBUG] [feature_engine]: Calculated TA for BTCUSD 1w
2025-11-21 01:24:01,159 [INFO] [ws_manager]: 🛰️ WS Message: candlestick_15m
2025-11-21 01:24:01,160 [DEBUG] [feature_engine]: Updated BTCUSD 15m candle.
2025-11-21 01:24:01,160 [INFO] [ws_manager]: 🛰️ WS Message: candlestick_1h
2025-11-21 01:24:01,160 [DEBUG] [feature_engine]: Updated BTCUSD 1h candle.
2025-11-21 01:24:01,161 [INFO] [ws_manager]: 🛰️ WS Message: candlestick_1d
2025-11-21 01:24:01,161 [DEBUG] [feature_engine]: Updated BTCUSD 1d candle.
2025-11-21 01:24:01,161 [INFO] [ws_manager]: 🛰️ WS Message: candlestick_15m
2025-11-21 01:24:01,162 [DEBUG] [feature_engine]: Updated ETHUSD 15m candle.
2025-11-21 01:24:01,162 [INFO] [ws_manager]: 🛰️ WS Message: candlestick_4h
2025-11-21 01:24:01,162 [DEBUG] [feature_engine]: Updated BTCUSD 4h candle.
2025-11-21 01:24:01,162 [INFO] [ws_manager]: 🛰️ WS Message: candlestick_4h
2025-11-21 01:24:01,163 [DEBUG] [feature_engine]: Updated ETHUSD 4h candle.
2025-11-21 01:24:01,163 [INFO] [ws_manager]: 🛰️ WS Message: candlestick_1h
2025-11-21 01:24:01,164 [DEBUG] [feature_engine]: Updated ETHUSD 1h candle.
2025-11-21 01:24:01,164 [INFO] [ws_manager]: 🛰️ WS Message: candlestick_5m
2025-11-21 01:24:01,166 [DEBUG] [feature_engine]: Updated BTCUSD 5m candle.
2025-11-21 01:24:01,166 [INFO] [ws_manager]: 🛰️ WS Message: candlestick_1m
2025-11-21 01:24:01,166 [DEBUG] [feature_engine]: Updated ETHUSD 1m candle.
2025-11-21 01:24:01,166 [INFO] [ws_manager]: 🛰️ WS Message: candlestick_1d
2025-11-21 01:24:01,167 [DEBUG] [feature_engine]: Updated ETHUSD 1d candle.
2025-11-21 01:24:01,167 [INFO] [ws_manager]: 🛰️ WS Message: candlestick_5m
2025-11-21 01:24:01,167 [DEBUG] [feature_engine]: Updated ETHUSD 5m candle.
2025-11-21 01:24:01,176 [INFO] [feature_engine]: 📡 Enriched SOLUSD: KER=0.98, BB_W=6.3668, RSI=5.9
2025-11-21 01:24:01,194 [INFO] [feature_engine]: 📡 Enriched ETHUSD: KER=0.95, BB_W=5.6572, RSI=7.9
2025-11-21 01:24:01,218 [INFO] [feature_engine]: 📡 Enriched ETHUSD: KER=0.95, BB_W=5.6572, RSI=7.9
2025-11-21 01:24:01,245 [INFO] [feature_engine]: 📡 Enriched SOLUSD: KER=0.98, BB_W=6.3668, RSI=5.9
2025-11-21 01:24:01,270 [INFO] [feature_engine]: 📡 Enriched BTCUSD: KER=0.96, BB_W=5.3186, RSI=6.4
2025-11-21 01:24:01,273 [INFO] [feature_engine]: 📡 Enriched BTCUSD: KER=0.96, BB_W=5.3186, RSI=6.4
2025-11-21 01:24:01,296 [INFO] [feature_engine]: 📡 Enriched BTCUSD: KER=0.96, BB_W=5.3186, RSI=6.4
2025-11-21 01:24:01,310 [INFO] [feature_engine]: 📡 Enriched BTCUSD: KER=0.96, BB_W=5.3186, RSI=6.4
2025-11-21 01:24:01,325 [INFO] [feature_engine]: 📡 Enriched ETHUSD: KER=0.95, BB_W=5.6572, RSI=7.9
2025-11-21 01:24:01,328 [INFO] [feature_engine]: 📡 Enriched ETHUSD: KER=0.95, BB_W=5.6572, RSI=7.9
2025-11-21 01:24:01,343 [INFO] [feature_engine]: 📡 Enriched SOLUSD: KER=0.98, BB_W=6.3668, RSI=5.9
2025-11-21 01:24:01,368 [INFO] [feature_engine]: 📡 Enriched BTCUSD: KER=0.96, BB_W=5.3186, RSI=6.4
2025-11-21 01:24:01,382 [INFO] [feature_engine]: 📡 Enriched ETHUSD: KER=0.95, BB_W=5.6572, RSI=7.9
2025-11-21 01:24:01,395 [INFO] [feature_engine]: 📡 Enriched ETHUSD: KER=0.95, BB_W=5.6572, RSI=7.9
2025-11-21 01:24:01,398 [INFO] [feature_engine]: 📡 Enriched ETHUSD: KER=0.95, BB_W=5.6572, RSI=7.9
2025-11-21 01:24:01,423 [INFO] [feature_engine]: 📡 Enriched SOLUSD: KER=0.98, BB_W=6.3668, RSI=5.9
2025-11-21 01:24:01,435 [INFO] [feature_engine]: 📡 Enriched BTCUSD: KER=0.96, BB_W=5.3186, RSI=6.4
2025-11-21 01:24:01,449 [INFO] [feature_engine]: 📡 Enriched BTCUSD: KER=0.96, BB_W=5.3186, RSI=6.4
2025-11-21 01:24:01,452 [INFO] [feature_engine]: 📡 Enriched BTCUSD: KER=0.96, BB_W=5.3186, RSI=6.4
2025-11-21 01:24:01,481 [INFO] [feature_engine]: 📡 Enriched ETHUSD: KER=0.95, BB_W=5.6572, RSI=7.9
2025-11-21 01:24:01,495 [INFO] [feature_engine]: 📡 Enriched SOLUSD: KER=0.98, BB_W=6.3668, RSI=5.9
2025-11-21 01:24:01,509 [INFO] [feature_engine]: 📡 Enriched BTCUSD: KER=0.96, BB_W=5.3186, RSI=6.4
2025-11-21 01:24:01,521 [INFO] [feature_engine]: 📡 Enriched ETHUSD: KER=0.95, BB_W=5.6572, RSI=7.9
2025-11-21 01:24:01,535 [INFO] [feature_engine]: 📡 Enriched ETHUSD: KER=0.95, BB_W=5.6572, RSI=7.9
2025-11-21 01:24:01,535 [INFO] [ws_manager]: 🛰️ WS Message: candlestick_1m
2025-11-21 01:24:01,536 [DEBUG] [feature_engine]: Updated BTCUSD 1m candle.
2025-11-21 01:24:01,536 [INFO] [ws_manager]: 🛰️ WS Message: v2/spot_price
2025-11-21 01:24:01,537 [INFO] [ws_manager]: 🛰️ WS Message: candlestick_15m
2025-11-21 01:24:01,537 [DEBUG] [feature_engine]: Updated BTCUSD 15m candle.
2025-11-21 01:24:01,538 [INFO] [ws_manager]: 🛰️ WS Message: candlestick_1m
2025-11-21 01:24:01,538 [DEBUG] [feature_engine]: Updated ETHUSD 1m candle.
2025-11-21 01:24:01,539 [INFO] [ws_manager]: 🛰️ WS Message: candlestick_15m
2025-11-21 01:24:01,539 [DEBUG] [feature_engine]: Updated ETHUSD 15m candle.
2025-11-21 01:24:01,539 [INFO] [ws_manager]: 🛰️ WS Message: candlestick_1h
2025-11-21 01:24:01,540 [DEBUG] [feature_engine]: Updated ETHUSD 1h candle.
2025-11-21 01:24:01,540 [INFO] [ws_manager]: 🛰️ WS Message: candlestick_1d
2025-11-21 01:24:01,541 [DEBUG] [feature_engine]: Updated BTCUSD 1d candle.
2025-11-21 01:24:01,541 [INFO] [ws_manager]: 🛰️ WS Message: candlestick_4h
2025-11-21 01:24:01,541 [DEBUG] [feature_engine]: Updated BTCUSD 4h candle.
2025-11-21 01:24:01,542 [INFO] [ws_manager]: 🛰️ WS Message: candlestick_1h
2025-11-21 01:24:01,542 [DEBUG] [feature_engine]: Updated BTCUSD 1h candle.
2025-11-21 01:24:01,542 [INFO] [ws_manager]: 🛰️ WS Message: candlestick_1d
2025-11-21 01:24:01,543 [DEBUG] [feature_engine]: Updated ETHUSD 1d candle.
2025-11-21 01:24:01,543 [INFO] [ws_manager]: 🛰️ WS Message: candlestick_5m
2025-11-21 01:24:01,544 [DEBUG] [feature_engine]: Updated BTCUSD 5m candle.
2025-11-21 01:24:01,544 [INFO] [ws_manager]: 🛰️ WS Message: v2/spot_price
2025-11-21 01:24:01,545 [INFO] [ws_manager]: 🛰️ WS Message: candlestick_4h
2025-11-21 01:24:01,545 [DEBUG] [feature_engine]: Updated ETHUSD 4h candle.
2025-11-21 01:24:01,545 [INFO] [ws_manager]: 🛰️ WS Message: candlestick_5m
2025-11-21 01:24:01,546 [DEBUG] [feature_engine]: Updated ETHUSD 5m candle.
2025-11-21 01:24:01,552 [INFO] [ws_manager]: 🛰️ WS Message: v2/spot_price
2025-11-21 01:24:01,607 [INFO] [feature_engine]: 📡 Enriched ETHUSD: KER=0.95, BB_W=5.6572, RSI=7.9
2025-11-21 01:24:01,698 [INFO] [feature_engine]: 📡 Enriched ETHUSD: KER=0.95, BB_W=5.6572, RSI=7.9
2025-11-21 01:24:01,712 [INFO] [feature_engine]: 📡 Enriched ETHUSD: KER=0.95, BB_W=5.6572, RSI=7.9
2025-11-21 01:24:01,727 [INFO] [feature_engine]: 📡 Enriched ETHUSD: KER=0.95, BB_W=5.6572, RSI=7.9
2025-11-21 01:24:01,740 [INFO] [feature_engine]: 📡 Enriched ETHUSD: KER=0.95, BB_W=5.6572, RSI=7.9
2025-11-21 01:24:01,743 [INFO] [feature_engine]: 📡 Enriched ETHUSD: KER=0.95, BB_W=5.6572, RSI=7.9
2025-11-21 01:24:01,758 [INFO] [feature_engine]: 📡 Enriched ETHUSD: KER=0.95, BB_W=5.6572, RSI=7.9
2025-11-21 01:24:01,773 [INFO] [feature_engine]: 📡 Enriched ETHUSD: KER=0.95, BB_W=5.6572, RSI=7.9
2025-11-21 01:24:01,785 [INFO] [feature_engine]: 📡 Enriched ETHUSD: KER=0.95, BB_W=5.6572, RSI=7.9
2025-11-21 01:24:01,799 [INFO] [feature_engine]: 📡 Enriched ETHUSD: KER=0.95, BB_W=5.6572, RSI=7.9
2025-11-21 01:24:01,825 [INFO] [feature_engine]: 📡 Enriched ETHUSD: KER=0.95, BB_W=5.6572, RSI=7.9
2025-11-21 01:24:01,838 [INFO] [feature_engine]: 📡 Enriched ETHUSD: KER=0.95, BB_W=5.6572, RSI=7.9
2025-11-21 01:24:01,851 [INFO] [feature_engine]: 📡 Enriched ETHUSD: KER=0.95, BB_W=5.6572, RSI=7.9
2025-11-21 01:24:01,865 [INFO] [feature_engine]: 📡 Enriched ETHUSD: KER=0.95, BB_W=5.6572, RSI=7.9
2025-11-21 01:24:01,879 [INFO] [feature_engine]: 📡 Enriched ETHUSD: KER=0.95, BB_W=5.6572, RSI=7.9
2025-11-21 01:24:01,881 [INFO] [feature_engine]: 📡 Enriched ETHUSD: KER=0.95, BB_W=5.6572, RSI=7.9
2025-11-21 01:24:01,904 [INFO] [feature_engine]: 📡 Enriched ETHUSD: KER=0.95, BB_W=5.6572, RSI=7.9
2025-11-21 01:24:01,908 [INFO] [feature_engine]: 📡 Enriched BTCUSD: KER=0.96, BB_W=5.3186, RSI=6.4
2025-11-21 01:24:01,933 [INFO] [feature_engine]: 📡 Enriched ETHUSD: KER=0.95, BB_W=5.6572, RSI=7.9
2025-11-21 01:24:01,946 [INFO] [feature_engine]: 📡 Enriched ETHUSD: KER=0.95, BB_W=5.6572, RSI=7.9
2025-11-21 01:24:01,960 [INFO] [feature_engine]: 📡 Enriched ETHUSD: KER=0.95, BB_W=5.6572, RSI=7.9
2025-11-21 01:24:01,973 [INFO] [feature_engine]: 📡 Enriched ETHUSD: KER=0.95, BB_W=5.6572, RSI=7.9
2025-11-21 01:24:01,976 [INFO] [feature_engine]: 📡 Enriched ETHUSD: KER=0.95, BB_W=5.6572, RSI=7.9
2025-11-21 01:24:01,989 [INFO] [feature_engine]: 📡 Enriched BTCUSD: KER=0.96, BB_W=5.3186, RSI=6.4
2025-11-21 01:24:02,012 [INFO] [feature_engine]: 📡 Enriched SOLUSD: KER=0.98, BB_W=6.3668, RSI=5.9
2025-11-21 01:24:02,025 [INFO] [feature_engine]: 📡 Enriched ETHUSD: KER=0.95, BB_W=5.6572, RSI=7.9
2025-11-21 01:24:02,027 [INFO] [ws_manager]: 🛰️ WS Message: candlestick_1d
2025-11-21 01:24:02,027 [INFO] [ws_manager]: 🛰️ WS Message: candlestick_1h
2025-11-21 01:24:02,028 [INFO] [ws_manager]: 🛰️ WS Message: candlestick_1m
2025-11-21 01:24:02,030 [INFO] [feature_engine]: 📡 Enriched ETHUSD: KER=0.95, BB_W=5.6572, RSI=7.9
2025-11-21 01:24:02,124 [INFO] [ws_manager]: 🛰️ WS Message: candlestick_15m
2025-11-21 01:24:02,147 [INFO] [ws_manager]: 🛰️ WS Message: candlestick_1h
2025-11-21 01:24:02,150 [INFO] [tsl_manager]: PUT /v2/orders (stop edit) -> id=1047619110 price=132.1517 type=limit_order
2025-11-21 01:24:02,150 [DEBUG] [signing]: 🧮 REST Signature base: PUT1763668441/v2/orders{"id":1047619110,"limit_price":"132.1517","order_type":"limit_order","product_id":14823,"reduce_only":true,"side":"sell","size":1,"stop_price":"132.1517"}
2025-11-21 01:24:02,150 [DEBUG] [signing]: 🧾 REST Computed signature: 22fd807ebe55411635bad550d75623302e0b02ba9830a649479d0a3eb64de5f7
2025-11-21 01:24:02,151 [INFO] [ws_manager]: 🛰️ WS Message: candlestick_1d
2025-11-21 01:24:02,163 [INFO] [feature_engine]: 📡 Enriched ETHUSD: KER=0.95, BB_W=5.6572, RSI=7.9
2025-11-21 01:24:02,165 [INFO] [ws_manager]: 🛰️ WS Message: candlestick_5m
2025-11-21 01:24:02,167 [INFO] [ws_manager]: 🛰️ WS Message: candlestick_4h
2025-11-21 01:24:02,168 [INFO] [ws_manager]: 🛰️ WS Message: candlestick_1m
2025-11-21 01:24:02,169 [INFO] [feature_engine]: 📡 Enriched BTCUSD: KER=0.96, BB_W=5.3186, RSI=6.4
2025-11-21 01:24:02,169 [DEBUG] [feature_engine]: Updated BTCUSD 1d candle.
2025-11-21 01:24:02,169 [DEBUG] [feature_engine]: Updated ETHUSD 1h candle.
2025-11-21 01:24:02,169 [DEBUG] [feature_engine]: Updated ETHUSD 1m candle.
2025-11-21 01:24:02,169 [DEBUG] [feature_engine]: Updated ETHUSD 15m candle.
2025-11-21 01:24:02,170 [DEBUG] [feature_engine]: Updated BTCUSD 1h candle.
2025-11-21 01:24:02,170 [DEBUG] [feature_engine]: Updated ETHUSD 1d candle.
2025-11-21 01:24:02,170 [DEBUG] [feature_engine]: Updated ETHUSD 5m candle.
2025-11-21 01:24:02,170 [DEBUG] [feature_engine]: Updated ETHUSD 4h candle.
2025-11-21 01:24:02,182 [DEBUG] [feature_engine]: Updated BTCUSD 1m candle.
2025-11-21 01:24:02,183 [INFO] [ws_manager]: 🛰️ WS Message: candlestick_15m
2025-11-21 01:24:02,184 [DEBUG] [feature_engine]: Updated BTCUSD 15m candle.
2025-11-21 01:24:02,187 [INFO] [ws_manager]: 🛰️ WS Message: candlestick_5m
2025-11-21 01:24:02,189 [DEBUG] [feature_engine]: Updated BTCUSD 5m candle.
2025-11-21 01:24:02,189 [INFO] [ws_manager]: 🛰️ WS Message: candlestick_4h
2025-11-21 01:24:02,190 [DEBUG] [feature_engine]: Updated BTCUSD 4h candle.
2025-11-21 01:24:02,200 [INFO] [feature_engine]: 📡 Enriched ETHUSD: KER=0.95, BB_W=5.6572, RSI=7.9
2025-11-21 01:24:02,228 [INFO] [feature_engine]: 📡 Enriched BTCUSD: KER=0.96, BB_W=5.3186, RSI=6.4
2025-11-21 01:24:02,242 [INFO] [feature_engine]: 📡 Enriched ETHUSD: KER=0.95, BB_W=5.6572, RSI=7.9
2025-11-21 01:24:02,246 [INFO] [feature_engine]: 📡 Enriched ETHUSD: KER=0.95, BB_W=5.6572, RSI=7.9
2025-11-21 01:24:02,258 [INFO] [feature_engine]: 📡 Enriched ETHUSD: KER=0.95, BB_W=5.6572, RSI=7.9
2025-11-21 01:24:02,272 [INFO] [feature_engine]: 📡 Enriched ETHUSD: KER=0.95, BB_W=5.6572, RSI=7.9
2025-11-21 01:24:02,297 [INFO] [feature_engine]: 📡 Enriched ETHUSD: KER=0.95, BB_W=5.6572, RSI=7.9
2025-11-21 01:24:02,309 [INFO] [feature_engine]: 📡 Enriched ETHUSD: KER=0.95, BB_W=5.6572, RSI=7.9
2025-11-21 01:24:02,321 [INFO] [feature_engine]: 📡 Enriched ETHUSD: KER=0.95, BB_W=5.6572, RSI=7.9
2025-11-21 01:24:02,324 [INFO] [feature_engine]: 📡 Enriched ETHUSD: KER=0.95, BB_W=5.6572, RSI=7.9
2025-11-21 01:24:02,346 [INFO] [feature_engine]: 📡 Enriched ETHUSD: KER=0.95, BB_W=5.6572, RSI=7.9
2025-11-21 01:24:02,349 [INFO] [feature_engine]: 📡 Enriched ETHUSD: KER=0.95, BB_W=5.6572, RSI=7.9
2025-11-21 01:24:02,364 [INFO] [feature_engine]: 📡 Enriched BTCUSD: KER=0.96, BB_W=5.3186, RSI=6.4
2025-11-21 01:24:02,379 [INFO] [feature_engine]: 📡 Enriched ETHUSD: KER=0.95, BB_W=5.6572, RSI=7.9
2025-11-21 01:24:02,393 [INFO] [feature_engine]: 📡 Enriched BTCUSD: KER=0.96, BB_W=5.3186, RSI=6.4
2025-11-21 01:24:02,407 [INFO] [feature_engine]: 📡 Enriched ETHUSD: KER=0.95, BB_W=5.6572, RSI=7.9
2025-11-21 01:24:02,421 [INFO] [feature_engine]: 📡 Enriched BTCUSD: KER=0.96, BB_W=5.3186, RSI=6.4
2025-11-21 01:24:02,434 [INFO] [feature_engine]: 📡 Enriched BTCUSD: KER=0.96, BB_W=5.3186, RSI=6.4
2025-11-21 01:24:02,448 [INFO] [feature_engine]: 📡 Enriched ETHUSD: KER=0.95, BB_W=5.6572, RSI=7.9
2025-11-21 01:24:02,471 [INFO] [feature_engine]: 📡 Enriched ETHUSD: KER=0.95, BB_W=5.6572, RSI=7.9
2025-11-21 01:24:02,484 [INFO] [feature_engine]: 📡 Enriched SOLUSD: KER=0.98, BB_W=6.3668, RSI=5.9
2025-11-21 01:24:02,487 [INFO] [feature_engine]: 📡 Enriched BTCUSD: KER=0.96, BB_W=5.3186, RSI=6.4
2025-11-21 01:24:02,511 [INFO] [feature_engine]: 📡 Enriched SOLUSD: KER=0.98, BB_W=6.3668, RSI=5.9
2025-11-21 01:24:02,526 [INFO] [feature_engine]: 📡 Enriched ETHUSD: KER=0.95, BB_W=5.6572, RSI=7.9
2025-11-21 01:24:02,527 [INFO] [ws_manager]: 🛰️ WS Message: candlestick_15m
2025-11-21 01:24:02,541 [INFO] [feature_engine]: 📡 Enriched SOLUSD: KER=0.98, BB_W=6.3668, RSI=5.9
2025-11-21 01:24:02,543 [INFO] [ws_manager]: 🛰️ WS Message: candlestick_15m
2025-11-21 01:24:02,544 [INFO] [ws_manager]: 🛰️ WS Message: candlestick_1h
2025-11-21 01:24:02,545 [INFO] [ws_manager]: 🛰️ WS Message: candlestick_1h
2025-11-21 01:24:02,545 [INFO] [feature_engine]: 📡 Enriched ETHUSD: KER=0.95, BB_W=5.6572, RSI=7.9
2025-11-21 01:24:02,558 [INFO] [ws_manager]: 🛰️ WS Message: v2/spot_price
2025-11-21 01:24:02,559 [INFO] [ws_manager]: 🛰️ WS Message: candlestick_15m
2025-11-21 01:24:02,560 [INFO] [ws_manager]: 🛰️ WS Message: candlestick_1m
2025-11-21 01:24:02,572 [INFO] [feature_engine]: 📡 Enriched SOLUSD: KER=0.98, BB_W=6.3668, RSI=5.9
2025-11-21 01:24:02,572 [DEBUG] [feature_engine]: Updated BTCUSD 15m candle.
2025-11-21 01:24:02,573 [DEBUG] [feature_engine]: Updated SOLUSD 15m candle.
2025-11-21 01:24:02,573 [DEBUG] [feature_engine]: Updated BTCUSD 1h candle.
2025-11-21 01:24:02,573 [DEBUG] [feature_engine]: Updated ETHUSD 1h candle.
2025-11-21 01:24:02,573 [DEBUG] [feature_engine]: Updated ETHUSD 15m candle.
2025-11-21 01:24:02,573 [DEBUG] [feature_engine]: Updated ETHUSD 1m candle.
2025-11-21 01:24:02,573 [INFO] [ws_manager]: 🛰️ WS Message: candlestick_1d
2025-11-21 01:24:02,574 [DEBUG] [feature_engine]: Updated BTCUSD 1d candle.
2025-11-21 01:24:02,574 [INFO] [ws_manager]: 🛰️ WS Message: candlestick_1m
2025-11-21 01:24:02,575 [DEBUG] [feature_engine]: Appended new SOLUSD 1m candle. History size: 100
2025-11-21 01:24:02,595 [DEBUG] [feature_engine]: Calculated TA for SOLUSD 1m
2025-11-21 01:24:02,618 [DEBUG] [feature_engine]: Calculated TA for SOLUSD 5m
2025-11-21 01:24:02,637 [DEBUG] [feature_engine]: Calculated TA for SOLUSD 15m
2025-11-21 01:24:02,655 [DEBUG] [feature_engine]: Calculated TA for SOLUSD 1h
2025-11-21 01:24:02,673 [DEBUG] [feature_engine]: Calculated TA for SOLUSD 4h
2025-11-21 01:24:02,695 [DEBUG] [feature_engine]: Calculated TA for SOLUSD 1d
2025-11-21 01:24:02,711 [DEBUG] [feature_engine]: Calculated TA for SOLUSD 1w
2025-11-21 01:24:02,711 [INFO] [ws_manager]: 🛰️ WS Message: candlestick_1d
2025-11-21 01:24:02,712 [DEBUG] [feature_engine]: Updated SOLUSD 1d candle.
2025-11-21 01:24:02,712 [INFO] [ws_manager]: 🛰️ WS Message: candlestick_4h
2025-11-21 01:24:02,712 [DEBUG] [feature_engine]: Updated SOLUSD 4h candle.
2025-11-21 01:24:02,712 [INFO] [ws_manager]: 🛰️ WS Message: candlestick_1m
2025-11-21 01:24:02,713 [DEBUG] [feature_engine]: Updated BTCUSD 1m candle.
2025-11-21 01:24:02,713 [INFO] [ws_manager]: 🛰️ WS Message: candlestick_1d
2025-11-21 01:24:02,713 [DEBUG] [feature_engine]: Updated ETHUSD 1d candle.
2025-11-21 01:24:02,713 [INFO] [ws_manager]: 🛰️ WS Message: candlestick_5m
2025-11-21 01:24:02,715 [DEBUG] [feature_engine]: Updated SOLUSD 5m candle.
2025-11-21 01:24:02,715 [INFO] [ws_manager]: 🛰️ WS Message: v2/spot_price
2025-11-21 01:24:02,716 [INFO] [ws_manager]: 🛰️ WS Message: candlestick_1h
2025-11-21 01:24:02,716 [DEBUG] [feature_engine]: Updated SOLUSD 1h candle.
2025-11-21 01:24:02,716 [INFO] [ws_manager]: 🛰️ WS Message: candlestick_4h
2025-11-21 01:24:02,716 [DEBUG] [feature_engine]: Updated BTCUSD 4h candle.
2025-11-21 01:24:02,717 [INFO] [ws_manager]: 🛰️ WS Message: candlestick_5m
2025-11-21 01:24:02,717 [DEBUG] [feature_engine]: Updated ETHUSD 5m candle.
2025-11-21 01:24:02,717 [INFO] [ws_manager]: 🛰️ WS Message: candlestick_4h
2025-11-21 01:24:02,717 [DEBUG] [feature_engine]: Updated ETHUSD 4h candle.
2025-11-21 01:24:02,717 [INFO] [ws_manager]: 🛰️ WS Message: candlestick_5m
2025-11-21 01:24:02,719 [DEBUG] [feature_engine]: Updated BTCUSD 5m candle.
2025-11-21 01:24:02,719 [INFO] [ws_manager]: 🛰️ WS Message: v2/spot_price
2025-11-21 01:24:02,723 [INFO] [feature_engine]: 📡 Enriched SOLUSD: KER=0.98, BB_W=6.3541, RSI=5.9
2025-11-21 01:24:02,734 [INFO] [feature_engine]: 📡 Enriched ETHUSD: KER=0.95, BB_W=5.6572, RSI=7.9
2025-11-21 01:24:02,861 [INFO] [ws_manager]: 🛰️ WS Message: v2/ticker
2025-11-21 01:24:02,862 [DEBUG] [feature_engine]: Ticker for SOLUSD received and ignored.
2025-11-21 01:24:02,881 [INFO] [feature_engine]: 📡 Enriched SOLUSD: KER=0.98, BB_W=6.3541, RSI=5.9
2025-11-21 01:24:02,917 [INFO] [feature_engine]: 📡 Enriched ETHUSD: KER=0.95, BB_W=5.6572, RSI=7.9
2025-11-21 01:24:02,930 [INFO] [feature_engine]: 📡 Enriched ETHUSD: KER=0.95, BB_W=5.6572, RSI=7.9
2025-11-21 01:24:02,947 [INFO] [ws_manager]: 🛰️ WS Message: v2/ticker
2025-11-21 01:24:02,947 [DEBUG] [feature_engine]: Ticker for ETHUSD received and ignored.
2025-11-21 01:24:03,025 [INFO] [ws_manager]: 🛰️ WS Message: candlestick_15m
2025-11-21 01:24:03,026 [DEBUG] [feature_engine]: Updated ETHUSD 15m candle.
2025-11-21 01:24:03,036 [INFO] [ws_manager]: 🛰️ WS Message: candlestick_1d
2025-11-21 01:24:03,037 [DEBUG] [feature_engine]: Updated ETHUSD 1d candle.
2025-11-21 01:24:03,037 [INFO] [ws_manager]: 🛰️ WS Message: v2/ticker
2025-11-21 01:24:03,038 [DEBUG] [feature_engine]: Ticker for BTCUSD received and ignored.
2025-11-21 01:24:03,038 [INFO] [ws_manager]: 🛰️ WS Message: candlestick_1m
2025-11-21 01:24:03,039 [DEBUG] [feature_engine]: Updated ETHUSD 1m candle.
2025-11-21 01:24:03,039 [INFO] [ws_manager]: 🛰️ WS Message: candlestick_4h
2025-11-21 01:24:03,039 [DEBUG] [feature_engine]: Updated ETHUSD 4h candle.
2025-11-21 01:24:03,039 [INFO] [ws_manager]: 🛰️ WS Message: candlestick_1h
2025-11-21 01:24:03,041 [DEBUG] [feature_engine]: Updated ETHUSD 1h candle.
2025-11-21 01:24:03,041 [INFO] [ws_manager]: 🛰️ WS Message: candlestick_5m
2025-11-21 01:24:03,041 [DEBUG] [feature_engine]: Updated ETHUSD 5m candle.
2025-11-21 01:24:03,091 [INFO] [feature_engine]: 📡 Enriched BTCUSD: KER=0.96, BB_W=5.3186, RSI=6.4
2025-11-21 01:24:03,125 [INFO] [feature_engine]: 📡 Enriched SOLUSD: KER=0.98, BB_W=6.3541, RSI=5.9
2025-11-21 01:24:03,126 [INFO] [ws_manager]: 🛰️ WS Message: orders
2025-11-21 01:24:03,126 [INFO] [tsl_manager]: ✅ Stop order 1047619110 updated to 132.1517
2025-11-21 01:24:03,151 [INFO] [feature_engine]: 📡 Enriched ETHUSD: KER=0.95, BB_W=5.6572, RSI=7.9
2025-11-21 01:24:03,202 [INFO] [feature_engine]: 📡 Enriched ETHUSD: KER=0.95, BB_W=5.6572, RSI=7.9
2025-11-21 01:24:03,206 [INFO] [feature_engine]: 📡 Enriched ETHUSD: KER=0.95, BB_W=5.6572, RSI=7.9
2025-11-21 01:24:03,230 [INFO] [feature_engine]: 📡 Enriched SOLUSD: KER=0.98, BB_W=6.3541, RSI=5.9
2025-11-21 01:24:03,259 [INFO] [feature_engine]: 📡 Enriched ETHUSD: KER=0.95, BB_W=5.6572, RSI=7.9
2025-11-21 01:24:03,350 [INFO] [feature_engine]: 📡 Enriched BTCUSD: KER=0.96, BB_W=5.3186, RSI=6.4
2025-11-21 01:24:03,373 [INFO] [feature_engine]: 📡 Enriched ETHUSD: KER=0.95, BB_W=5.6572, RSI=7.9
2025-11-21 01:24:03,456 [INFO] [feature_engine]: 📡 Enriched BTCUSD: KER=0.96, BB_W=5.3186, RSI=6.4
2025-11-21 01:24:03,487 [INFO] [feature_engine]: 📡 Enriched BTCUSD: KER=0.96, BB_W=5.3186, RSI=6.4
2025-11-21 01:24:03,500 [INFO] [feature_engine]: 📡 Enriched ETHUSD: KER=0.95, BB_W=5.6572, RSI=7.9
2025-11-21 01:24:03,524 [INFO] [ws_manager]: 🛰️ WS Message: candlestick_15m
2025-11-21 01:24:03,525 [DEBUG] [feature_engine]: Updated ETHUSD 15m candle.
2025-11-21 01:24:03,525 [INFO] [ws_manager]: 🛰️ WS Message: candlestick_15m
2025-11-21 01:24:03,526 [DEBUG] [feature_engine]: Updated BTCUSD 15m candle.
2025-11-21 01:24:03,526 [INFO] [ws_manager]: 🛰️ WS Message: candlestick_1m
2025-11-21 01:24:03,527 [DEBUG] [feature_engine]: Updated ETHUSD 1m candle.
2025-11-21 01:24:03,527 [INFO] [ws_manager]: 🛰️ WS Message: candlestick_1m
2025-11-21 01:24:03,528 [DEBUG] [feature_engine]: Updated BTCUSD 1m candle.
2025-11-21 01:24:03,528 [INFO] [ws_manager]: 🛰️ WS Message: candlestick_5m
2025-11-21 01:24:03,528 [DEBUG] [feature_engine]: Updated BTCUSD 5m candle.
2025-11-21 01:24:03,533 [INFO] [ws_manager]: 🛰️ WS Message: candlestick_1d
2025-11-21 01:24:03,534 [DEBUG] [feature_engine]: Updated BTCUSD 1d candle.
2025-11-21 01:24:03,534 [INFO] [ws_manager]: 🛰️ WS Message: candlestick_1h
2025-11-21 01:24:03,534 [DEBUG] [feature_engine]: Updated BTCUSD 1h candle.
2025-11-21 01:24:03,535 [INFO] [ws_manager]: 🛰️ WS Message: v2/spot_price
2025-11-21 01:24:03,535 [INFO] [ws_manager]: 🛰️ WS Message: candlestick_1d
2025-11-21 01:24:03,536 [DEBUG] [feature_engine]: Updated ETHUSD 1d candle.
2025-11-21 01:24:03,536 [INFO] [ws_manager]: 🛰️ WS Message: candlestick_4h
2025-11-21 01:24:03,537 [DEBUG] [feature_engine]: Updated BTCUSD 4h candle.
2025-11-21 01:24:03,538 [INFO] [ws_manager]: 🛰️ WS Message: candlestick_5m
2025-11-21 01:24:03,539 [DEBUG] [feature_engine]: Updated ETHUSD 5m candle.
2025-11-21 01:24:03,539 [INFO] [ws_manager]: 🛰️ WS Message: candlestick_4h
2025-11-21 01:24:03,540 [DEBUG] [feature_engine]: Updated ETHUSD 4h candle.
2025-11-21 01:24:03,540 [INFO] [ws_manager]: 🛰️ WS Message: candlestick_1h
2025-11-21 01:24:03,541 [DEBUG] [feature_engine]: Updated ETHUSD 1h candle.
2025-11-21 01:24:03,550 [INFO] [ws_manager]: 🛰️ WS Message: v2/spot_price
2025-11-21 01:24:03,551 [INFO] [ws_manager]: 🛰️ WS Message: v2/spot_price
2025-11-21 01:24:03,581 [INFO] [feature_engine]: 📡 Enriched BTCUSD: KER=0.96, BB_W=5.3186, RSI=6.4
2025-11-21 01:24:03,690 [INFO] [feature_engine]: 📡 Enriched BTCUSD: KER=0.96, BB_W=5.3186, RSI=6.4
2025-11-21 01:24:03,737 [INFO] [feature_engine]: 📡 Enriched ETHUSD: KER=0.95, BB_W=5.6572, RSI=7.9
2025-11-21 01:24:03,761 [INFO] [feature_engine]: 📡 Enriched ETHUSD: KER=0.95, BB_W=5.6572, RSI=7.9
2025-11-21 01:24:03,830 [INFO] [feature_engine]: 📡 Enriched ETHUSD: KER=0.95, BB_W=5.6572, RSI=7.9
2025-11-21 01:24:03,922 [INFO] [feature_engine]: 📡 Enriched BTCUSD: KER=0.96, BB_W=5.3186, RSI=6.4
2025-11-21 01:24:03,941 [INFO] [feature_engine]: 📡 Enriched ETHUSD: KER=0.95, BB_W=5.6572, RSI=7.9
2025-11-21 01:24:03,966 [INFO] [feature_engine]: 📡 Enriched SOLUSD: KER=0.98, BB_W=6.3541, RSI=5.9
2025-11-21 01:24:04,025 [INFO] [ws_manager]: 🛰️ WS Message: candlestick_15m
2025-11-21 01:24:04,026 [DEBUG] [feature_engine]: Updated ETHUSD 15m candle.
2025-11-21 01:24:04,026 [INFO] [ws_manager]: 🛰️ WS Message: candlestick_4h
2025-11-21 01:24:04,027 [DEBUG] [feature_engine]: Updated ETHUSD 4h candle.
2025-11-21 01:24:04,027 [INFO] [ws_manager]: 🛰️ WS Message: candlestick_1h
2025-11-21 01:24:04,029 [DEBUG] [feature_engine]: Updated ETHUSD 1h candle.
2025-11-21 01:24:04,029 [INFO] [ws_manager]: 🛰️ WS Message: candlestick_5m
2025-11-21 01:24:04,030 [DEBUG] [feature_engine]: Updated ETHUSD 5m candle.
2025-11-21 01:24:04,032 [INFO] [ws_manager]: 🛰️ WS Message: candlestick_1m
2025-11-21 01:24:04,033 [DEBUG] [feature_engine]: Updated ETHUSD 1m candle.
2025-11-21 01:24:04,037 [INFO] [ws_manager]: 🛰️ WS Message: candlestick_1d
2025-11-21 01:24:04,054 [INFO] [feature_engine]: 📡 Enriched BTCUSD: KER=0.96, BB_W=5.3186, RSI=6.4
2025-11-21 01:24:04,054 [DEBUG] [feature_engine]: Updated ETHUSD 1d candle.
2025-11-21 01:24:04,154 [INFO] [feature_engine]: 📡 Enriched BTCUSD: KER=0.96, BB_W=5.3186, RSI=6.4
2025-11-21 01:24:04,276 [INFO] [feature_engine]: 📡 Enriched BTCUSD: KER=0.96, BB_W=5.3186, RSI=6.4
2025-11-21 01:24:04,289 [INFO] [feature_engine]: 📡 Enriched ETHUSD: KER=0.95, BB_W=5.6572, RSI=7.9
2025-11-21 01:24:04,302 [INFO] [feature_engine]: 📡 Enriched SOLUSD: KER=0.98, BB_W=6.3541, RSI=5.9
2025-11-21 01:24:04,367 [INFO] [feature_engine]: 📡 Enriched ETHUSD: KER=0.95, BB_W=5.6572, RSI=7.9
2025-11-21 01:24:04,391 [INFO] [feature_engine]: 📡 Enriched BTCUSD: KER=0.96, BB_W=5.3186, RSI=6.4
2025-11-21 01:24:04,407 [INFO] [feature_engine]: 📡 Enriched ETHUSD: KER=0.95, BB_W=5.6572, RSI=7.9
2025-11-21 01:24:04,480 [INFO] [feature_engine]: 📡 Enriched BTCUSD: KER=0.96, BB_W=5.3186, RSI=6.4
2025-11-21 01:24:04,501 [INFO] [feature_engine]: 📡 Enriched BTCUSD: KER=0.96, BB_W=5.3186, RSI=6.4
2025-11-21 01:24:04,515 [INFO] [feature_engine]: 📡 Enriched ETHUSD: KER=0.95, BB_W=5.6572, RSI=7.9
2025-11-21 01:24:04,524 [INFO] [ws_manager]: 🛰️ WS Message: candlestick_1m
2025-11-21 01:24:04,525 [DEBUG] [feature_engine]: Updated BTCUSD 1m candle.
2025-11-21 01:24:04,526 [INFO] [ws_manager]: 🛰️ WS Message: candlestick_1h
2025-11-21 01:24:04,527 [DEBUG] [feature_engine]: Updated BTCUSD 1h candle.
2025-11-21 01:24:04,527 [INFO] [ws_manager]: 🛰️ WS Message: candlestick_1d
2025-11-21 01:24:04,527 [DEBUG] [feature_engine]: Updated BTCUSD 1d candle.
2025-11-21 01:24:04,527 [INFO] [ws_manager]: 🛰️ WS Message: candlestick_4h
2025-11-21 01:24:04,528 [DEBUG] [feature_engine]: Updated BTCUSD 4h candle.
2025-11-21 01:24:04,528 [INFO] [ws_manager]: 🛰️ WS Message: candlestick_15m
2025-11-21 01:24:04,528 [DEBUG] [feature_engine]: Updated BTCUSD 15m candle.
2025-11-21 01:24:04,533 [INFO] [ws_manager]: 🛰️ WS Message: candlestick_5m
2025-11-21 01:24:04,534 [DEBUG] [feature_engine]: Updated BTCUSD 5m candle.
2025-11-21 01:24:04,534 [INFO] [ws_manager]: 🛰️ WS Message: v2/spot_price
2025-11-21 01:24:04,546 [INFO] [ws_manager]: 🛰️ WS Message: v2/spot_price
2025-11-21 01:24:04,547 [INFO] [ws_manager]: 🛰️ WS Message: v2/spot_price
2025-11-21 01:24:04,607 [INFO] [feature_engine]: 📡 Enriched ETHUSD: KER=0.95, BB_W=5.6572, RSI=7.9
2025-11-21 01:24:04,632 [INFO] [feature_engine]: 📡 Enriched BTCUSD: KER=0.96, BB_W=5.3186, RSI=6.4
2025-11-21 01:24:04,730 [INFO] [feature_engine]: 📡 Enriched BTCUSD: KER=0.96, BB_W=5.3186, RSI=6.4
2025-11-21 01:24:04,752 [INFO] [feature_engine]: 📡 Enriched SOLUSD: KER=0.98, BB_W=6.3541, RSI=5.9
2025-11-21 01:24:04,769 [INFO] [feature_engine]: 📡 Enriched ETHUSD: KER=0.95, BB_W=5.6572, RSI=7.9
2025-11-21 01:24:04,844 [INFO] [feature_engine]: 📡 Enriched ETHUSD: KER=0.95, BB_W=5.6572, RSI=7.9
2025-11-21 01:24:04,935 [INFO] [feature_engine]: 📡 Enriched SOLUSD: KER=0.98, BB_W=6.3541, RSI=5.9
2025-11-21 01:24:04,969 [INFO] [feature_engine]: 📡 Enriched ETHUSD: KER=0.95, BB_W=5.6572, RSI=7.9
2025-11-21 01:24:04,986 [INFO] [feature_engine]: 📡 Enriched BTCUSD: KER=0.96, BB_W=5.3186, RSI=6.4
2025-11-21 01:24:05,026 [INFO] [ws_manager]: 🛰️ WS Message: candlestick_15m
2025-11-21 01:24:05,026 [DEBUG] [feature_engine]: Updated ETHUSD 15m candle.
2025-11-21 01:24:05,027 [INFO] [ws_manager]: 🛰️ WS Message: candlestick_15m
2025-11-21 01:24:05,027 [DEBUG] [feature_engine]: Updated SOLUSD 15m candle.
2025-11-21 01:24:05,028 [INFO] [ws_manager]: 🛰️ WS Message: candlestick_1h
2025-11-21 01:24:05,028 [DEBUG] [feature_engine]: Updated ETHUSD 1h candle.
2025-11-21 01:24:05,029 [INFO] [ws_manager]: 🛰️ WS Message: candlestick_1m
2025-11-21 01:24:05,029 [DEBUG] [feature_engine]: Updated ETHUSD 1m candle.
2025-11-21 01:24:05,030 [INFO] [ws_manager]: 🛰️ WS Message: candlestick_1d
2025-11-21 01:24:05,030 [DEBUG] [feature_engine]: Updated ETHUSD 1d candle.
2025-11-21 01:24:05,030 [INFO] [ws_manager]: 🛰️ WS Message: candlestick_1d
2025-11-21 01:24:05,031 [DEBUG] [feature_engine]: Updated SOLUSD 1d candle.
2025-11-21 01:24:05,031 [INFO] [ws_manager]: 🛰️ WS Message: candlestick_1h
2025-11-21 01:24:05,032 [DEBUG] [feature_engine]: Updated SOLUSD 1h candle.
2025-11-21 01:24:05,032 [INFO] [ws_manager]: 🛰️ WS Message: candlestick_4h
2025-11-21 01:24:05,033 [DEBUG] [feature_engine]: Updated SOLUSD 4h candle.
2025-11-21 01:24:05,033 [INFO] [ws_manager]: 🛰️ WS Message: candlestick_5m
2025-11-21 01:24:05,034 [DEBUG] [feature_engine]: Updated SOLUSD 5m candle.
2025-11-21 01:24:05,034 [INFO] [ws_manager]: 🛰️ WS Message: candlestick_1m
2025-11-21 01:24:05,034 [DEBUG] [feature_engine]: Updated SOLUSD 1m candle.
2025-11-21 01:24:05,035 [INFO] [ws_manager]: 🛰️ WS Message: candlestick_5m
2025-11-21 01:24:05,035 [DEBUG] [feature_engine]: Updated ETHUSD 5m candle.
2025-11-21 01:24:05,035 [INFO] [ws_manager]: 🛰️ WS Message: candlestick_4h
2025-11-21 01:24:05,036 [DEBUG] [feature_engine]: Updated ETHUSD 4h candle.
2025-11-21 01:24:05,127 [INFO] [feature_engine]: 📡 Enriched SOLUSD: KER=0.98, BB_W=6.3541, RSI=5.9
2025-11-21 01:24:05,192 [INFO] [feature_engine]: 📡 Enriched ETHUSD: KER=0.95, BB_W=5.6572, RSI=7.9
2025-11-21 01:24:05,218 [INFO] [feature_engine]: 📡 Enriched BTCUSD: KER=0.96, BB_W=5.3186, RSI=6.4
2025-11-21 01:24:05,244 [INFO] [feature_engine]: 📡 Enriched ETHUSD: KER=0.95, BB_W=5.6572, RSI=7.9
2025-11-21 01:24:05,266 [INFO] [feature_engine]: 📡 Enriched SOLUSD: KER=0.98, BB_W=6.3541, RSI=5.9
2025-11-21 01:24:05,312 [INFO] [feature_engine]: 📡 Enriched ETHUSD: KER=0.95, BB_W=5.6572, RSI=7.9
2025-11-21 01:24:05,419 [INFO] [feature_engine]: 📡 Enriched ETHUSD: KER=0.95, BB_W=5.6572, RSI=7.9
2025-11-21 01:24:05,442 [INFO] [feature_engine]: 📡 Enriched BTCUSD: KER=0.96, BB_W=5.3186, RSI=6.4
2025-11-21 01:24:05,501 [INFO] [feature_engine]: 📡 Enriched BTCUSD: KER=0.96, BB_W=5.3186, RSI=6.4
2025-11-21 01:24:05,526 [INFO] [feature_engine]: 📡 Enriched ETHUSD: KER=0.95, BB_W=5.6572, RSI=7.9
2025-11-21 01:24:05,537 [INFO] [ws_manager]: 🛰️ WS Message: candlestick_1d
2025-11-21 01:24:05,538 [DEBUG] [feature_engine]: Updated ETHUSD 1d candle.
2025-11-21 01:24:05,539 [INFO] [ws_manager]: 🛰️ WS Message: candlestick_1m
2025-11-21 01:24:05,540 [DEBUG] [feature_engine]: Updated ETHUSD 1m candle.
2025-11-21 01:24:05,540 [INFO] [ws_manager]: 🛰️ WS Message: candlestick_1h
2025-11-21 01:24:05,540 [DEBUG] [feature_engine]: Updated ETHUSD 1h candle.
2025-11-21 01:24:05,541 [INFO] [ws_manager]: 🛰️ WS Message: v2/spot_price
2025-11-21 01:24:05,541 [INFO] [ws_manager]: 🛰️ WS Message: candlestick_5m
2025-11-21 01:24:05,542 [DEBUG] [feature_engine]: Updated ETHUSD 5m candle.
2025-11-21 01:24:05,542 [INFO] [ws_manager]: 🛰️ WS Message: candlestick_4h
2025-11-21 01:24:05,543 [DEBUG] [feature_engine]: Updated ETHUSD 4h candle.
2025-11-21 01:24:05,543 [INFO] [ws_manager]: 🛰️ WS Message: candlestick_15m
2025-11-21 01:24:05,544 [DEBUG] [feature_engine]: Updated ETHUSD 15m candle.
2025-11-21 01:24:05,544 [INFO] [ws_manager]: 🛰️ WS Message: v2/spot_price
2025-11-21 01:24:05,566 [INFO] [ws_manager]: 🛰️ WS Message: v2/spot_price
2025-11-21 01:24:05,581 [INFO] [feature_engine]: 📡 Enriched BTCUSD: KER=0.96, BB_W=5.3186, RSI=6.4
2025-11-21 01:24:05,659 [INFO] [feature_engine]: 📡 Enriched BTCUSD: KER=0.96, BB_W=5.3186, RSI=6.4
2025-11-21 01:24:05,773 [INFO] [feature_engine]: 📡 Enriched ETHUSD: KER=0.95, BB_W=5.6572, RSI=7.9
2025-11-21 01:24:05,786 [INFO] [feature_engine]: 📡 Enriched BTCUSD: KER=0.96, BB_W=5.3186, RSI=6.4
2025-11-21 01:24:05,799 [INFO] [feature_engine]: 📡 Enriched BTCUSD: KER=0.96, BB_W=5.3186, RSI=6.4
2025-11-21 01:24:05,870 [INFO] [feature_engine]: 📡 Enriched ETHUSD: KER=0.95, BB_W=5.6572, RSI=7.9
2025-11-21 01:24:05,891 [INFO] [feature_engine]: 📡 Enriched BTCUSD: KER=0.96, BB_W=5.3186, RSI=6.4
2025-11-21 01:24:05,916 [INFO] [feature_engine]: 📡 Enriched SOLUSD: KER=0.98, BB_W=6.3541, RSI=5.9
2025-11-21 01:24:05,997 [INFO] [feature_engine]: 📡 Enriched ETHUSD: KER=0.95, BB_W=5.6572, RSI=7.9
2025-11-21 01:24:06,016 [INFO] [feature_engine]: 📡 Enriched BTCUSD: KER=0.96, BB_W=5.3186, RSI=6.4
2025-11-21 01:24:06,025 [INFO] [ws_manager]: 🛰️ WS Message: candlestick_1d
2025-11-21 01:24:06,025 [DEBUG] [feature_engine]: Updated BTCUSD 1d candle.
2025-11-21 01:24:06,026 [INFO] [ws_manager]: 🛰️ WS Message: candlestick_1h
2025-11-21 01:24:06,027 [DEBUG] [feature_engine]: Updated BTCUSD 1h candle.
2025-11-21 01:24:06,027 [INFO] [ws_manager]: 🛰️ WS Message: candlestick_15m
2025-11-21 01:24:06,028 [DEBUG] [feature_engine]: Updated BTCUSD 15m candle.
2025-11-21 01:24:06,028 [INFO] [ws_manager]: 🛰️ WS Message: candlestick_1m
2025-11-21 01:24:06,029 [DEBUG] [feature_engine]: Updated BTCUSD 1m candle.
2025-11-21 01:24:06,029 [INFO] [ws_manager]: 🛰️ WS Message: candlestick_4h
2025-11-21 01:24:06,029 [DEBUG] [feature_engine]: Updated BTCUSD 4h candle.
2025-11-21 01:24:06,031 [INFO] [ws_manager]: 🛰️ WS Message: candlestick_5m
2025-11-21 01:24:06,032 [DEBUG] [feature_engine]: Updated BTCUSD 5m candle.
2025-11-21 01:24:06,051 [INFO] [feature_engine]: 📡 Enriched BTCUSD: KER=0.96, BB_W=5.3186, RSI=6.4
2025-11-21 01:24:06,092 [INFO] [feature_engine]: 📡 Enriched BTCUSD: KER=0.96, BB_W=5.3186, RSI=6.4
2025-11-21 01:24:06,115 [INFO] [feature_engine]: 📡 Enriched ETHUSD: KER=0.95, BB_W=5.6572, RSI=7.9
2025-11-21 01:24:06,129 [INFO] [feature_engine]: 📡 Enriched SOLUSD: KER=0.98, BB_W=6.3541, RSI=5.9
2025-11-21 01:24:06,143 [INFO] [feature_engine]: 📡 Enriched BTCUSD: KER=0.96, BB_W=5.3186, RSI=6.4
2025-11-21 01:24:06,157 [INFO] [feature_engine]: 📡 Enriched ETHUSD: KER=0.95, BB_W=5.6572, RSI=7.9
2025-11-21 01:24:06,220 [INFO] [feature_engine]: 📡 Enriched ETHUSD: KER=0.95, BB_W=5.6572, RSI=7.9
2025-11-21 01:24:06,262 [INFO] [feature_engine]: 📡 Enriched BTCUSD: KER=0.96, BB_W=5.3186, RSI=6.4
2025-11-21 01:24:06,315 [INFO] [feature_engine]: 📡 Enriched BTCUSD: KER=0.96, BB_W=5.3186, RSI=6.4
2025-11-21 01:24:06,349 [INFO] [feature_engine]: 📡 Enriched SOLUSD: KER=0.98, BB_W=6.3541, RSI=5.9
2025-11-21 01:24:06,354 [INFO] [feature_engine]: 📡 Enriched ETHUSD: KER=0.95, BB_W=5.6572, RSI=7.9
2025-11-21 01:24:06,386 [INFO] [feature_engine]: 📡 Enriched BTCUSD: KER=0.96, BB_W=5.3186, RSI=6.4
2025-11-21 01:24:06,396 [INFO] [feature_engine]: 📡 Enriched ETHUSD: KER=0.95, BB_W=5.6572, RSI=7.9
2025-11-21 01:24:06,416 [INFO] [feature_engine]: 📡 Enriched ETHUSD: KER=0.95, BB_W=5.6572, RSI=7.9
2025-11-21 01:24:06,441 [INFO] [feature_engine]: 📡 Enriched SOLUSD: KER=0.98, BB_W=6.3541, RSI=5.9
2025-11-21 01:24:06,456 [INFO] [feature_engine]: 📡 Enriched ETHUSD: KER=0.95, BB_W=5.6572, RSI=7.9
2025-11-21 01:24:06,471 [INFO] [feature_engine]: 📡 Enriched BTCUSD: KER=0.96, BB_W=5.3186, RSI=6.4
2025-11-21 01:24:06,525 [INFO] [ws_manager]: 🛰️ WS Message: candlestick_15m
2025-11-21 01:24:06,526 [DEBUG] [feature_engine]: Updated ETHUSD 15m candle.
2025-11-21 01:24:06,528 [INFO] [ws_manager]: 🛰️ WS Message: candlestick_1m
2025-11-21 01:24:06,528 [DEBUG] [feature_engine]: Updated ETHUSD 1m candle.
2025-11-21 01:24:06,529 [INFO] [ws_manager]: 🛰️ WS Message: candlestick_1h
2025-11-21 01:24:06,529 [DEBUG] [feature_engine]: Updated ETHUSD 1h candle.
2025-11-21 01:24:06,530 [INFO] [ws_manager]: 🛰️ WS Message: v2/spot_price
2025-11-21 01:24:06,530 [INFO] [ws_manager]: 🛰️ WS Message: candlestick_1d
2025-11-21 01:24:06,531 [DEBUG] [feature_engine]: Updated ETHUSD 1d candle.
2025-11-21 01:24:06,532 [INFO] [ws_manager]: 🛰️ WS Message: candlestick_5m
2025-11-21 01:24:06,532 [DEBUG] [feature_engine]: Updated ETHUSD 5m candle.
2025-11-21 01:24:06,535 [INFO] [ws_manager]: 🛰️ WS Message: candlestick_4h
2025-11-21 01:24:06,535 [DEBUG] [feature_engine]: Updated ETHUSD 4h candle.
2025-11-21 01:24:06,536 [INFO] [ws_manager]: 🛰️ WS Message: candlestick_1m
2025-11-21 01:24:06,536 [DEBUG] [feature_engine]: Updated BTCUSD 1m candle.
2025-11-21 01:24:06,536 [INFO] [ws_manager]: 🛰️ WS Message: candlestick_1d
2025-11-21 01:24:06,537 [DEBUG] [feature_engine]: Updated BTCUSD 1d candle.
2025-11-21 01:24:06,537 [INFO] [ws_manager]: 🛰️ WS Message: candlestick_15m
2025-11-21 01:24:06,538 [DEBUG] [feature_engine]: Updated BTCUSD 15m candle.
2025-11-21 01:24:06,538 [INFO] [ws_manager]: 🛰️ WS Message: candlestick_5m
2025-11-21 01:24:06,539 [DEBUG] [feature_engine]: Updated BTCUSD 5m candle.
2025-11-21 01:24:06,539 [INFO] [ws_manager]: 🛰️ WS Message: candlestick_1h
2025-11-21 01:24:06,539 [DEBUG] [feature_engine]: Updated BTCUSD 1h candle.
2025-11-21 01:24:06,539 [INFO] [ws_manager]: 🛰️ WS Message: v2/spot_price
2025-11-21 01:24:06,540 [INFO] [ws_manager]: 🛰️ WS Message: candlestick_4h
2025-11-21 01:24:06,540 [DEBUG] [feature_engine]: Updated BTCUSD 4h candle.
2025-11-21 01:24:06,558 [INFO] [ws_manager]: 🛰️ WS Message: v2/spot_price
2025-11-21 01:24:06,581 [INFO] [feature_engine]: 📡 Enriched BTCUSD: KER=0.96, BB_W=5.3186, RSI=6.4
2025-11-21 01:24:06,686 [INFO] [feature_engine]: 📡 Enriched ETHUSD: KER=0.95, BB_W=5.6572, RSI=7.9
2025-11-21 01:24:06,700 [INFO] [feature_engine]: 📡 Enriched BTCUSD: KER=0.96, BB_W=5.3186, RSI=6.4
2025-11-21 01:24:06,735 [INFO] [feature_engine]: 📡 Enriched BTCUSD: KER=0.96, BB_W=5.3186, RSI=6.4
2025-11-21 01:24:06,798 [INFO] [feature_engine]: 📡 Enriched ETHUSD: KER=0.95, BB_W=5.6572, RSI=7.9
2025-11-21 01:24:06,812 [INFO] [feature_engine]: 📡 Enriched BTCUSD: KER=0.96, BB_W=5.3186, RSI=6.4
2025-11-21 01:24:06,900 [INFO] [feature_engine]: 📡 Enriched BTCUSD: KER=0.96, BB_W=5.3186, RSI=6.4
2025-11-21 01:24:06,924 [INFO] [feature_engine]: 📡 Enriched BTCUSD: KER=0.96, BB_W=5.3186, RSI=6.4
2025-11-21 01:24:07,027 [INFO] [ws_manager]: 🛰️ WS Message: candlestick_15m
2025-11-21 01:24:07,027 [INFO] [ws_manager]: 🛰️ WS Message: candlestick_1h
2025-11-21 01:24:07,028 [INFO] [ws_manager]: 🛰️ WS Message: candlestick_1m
2025-11-21 01:24:07,030 [INFO] [feature_engine]: 📡 Enriched BTCUSD: KER=0.96, BB_W=5.3186, RSI=6.4
2025-11-21 01:24:07,030 [DEBUG] [feature_engine]: Updated BTCUSD 15m candle.
2025-11-21 01:24:07,030 [DEBUG] [feature_engine]: Updated BTCUSD 1h candle.
2025-11-21 01:24:07,040 [DEBUG] [feature_engine]: Updated BTCUSD 1m candle.
2025-11-21 01:24:07,041 [INFO] [ws_manager]: 🛰️ WS Message: candlestick_5m
2025-11-21 01:24:07,041 [DEBUG] [feature_engine]: Updated BTCUSD 5m candle.
2025-11-21 01:24:07,041 [INFO] [ws_manager]: 🛰️ WS Message: candlestick_4h
2025-11-21 01:24:07,042 [DEBUG] [feature_engine]: Updated BTCUSD 4h candle.
2025-11-21 01:24:07,042 [INFO] [ws_manager]: 🛰️ WS Message: candlestick_1d
2025-11-21 01:24:07,043 [DEBUG] [feature_engine]: Updated BTCUSD 1d candle.
2025-11-21 01:24:07,062 [INFO] [feature_engine]: 📡 Enriched SOLUSD: KER=0.98, BB_W=6.3541, RSI=5.9
2025-11-21 01:24:07,138 [INFO] [feature_engine]: 📡 Enriched ETHUSD: KER=0.95, BB_W=5.6572, RSI=7.9
2025-11-21 01:24:07,167 [INFO] [feature_engine]: 📡 Enriched SOLUSD: KER=0.98, BB_W=6.3541, RSI=5.9
2025-11-21 01:24:07,194 [INFO] [feature_engine]: 📡 Enriched SOLUSD: KER=0.98, BB_W=6.3541, RSI=5.9
2025-11-21 01:24:07,261 [INFO] [feature_engine]: 📡 Enriched ETHUSD: KER=0.95, BB_W=5.6572, RSI=7.9
2025-11-21 01:24:07,280 [INFO] [feature_engine]: 📡 Enriched BTCUSD: KER=0.96, BB_W=5.3186, RSI=6.4
2025-11-21 01:24:07,378 [INFO] [feature_engine]: 📡 Enriched ETHUSD: KER=0.95, BB_W=5.6572, RSI=7.9
2025-11-21 01:24:07,392 [INFO] [feature_engine]: 📡 Enriched SOLUSD: KER=0.98, BB_W=6.3541, RSI=5.9
2025-11-21 01:24:07,526 [INFO] [ws_manager]: 🛰️ WS Message: candlestick_15m
2025-11-21 01:24:07,527 [DEBUG] [feature_engine]: Updated ETHUSD 15m candle.
2025-11-21 01:24:07,528 [INFO] [ws_manager]: 🛰️ WS Message: candlestick_1d
2025-11-21 01:24:07,529 [DEBUG] [feature_engine]: Updated ETHUSD 1d candle.
2025-11-21 01:24:07,529 [INFO] [ws_manager]: 🛰️ WS Message: v2/spot_price
2025-11-21 01:24:07,529 [INFO] [ws_manager]: 🛰️ WS Message: candlestick_1m
2025-11-21 01:24:07,530 [DEBUG] [feature_engine]: Updated SOLUSD 1m candle.
2025-11-21 01:24:07,531 [INFO] [ws_manager]: 🛰️ WS Message: candlestick_4h
2025-11-21 01:24:07,531 [DEBUG] [feature_engine]: Updated SOLUSD 4h candle.
2025-11-21 01:24:07,532 [INFO] [ws_manager]: 🛰️ WS Message: candlestick_1d
2025-11-21 01:24:07,532 [DEBUG] [feature_engine]: Updated SOLUSD 1d candle.
2025-11-21 01:24:07,532 [INFO] [ws_manager]: 🛰️ WS Message: candlestick_4h
2025-11-21 01:24:07,533 [DEBUG] [feature_engine]: Updated ETHUSD 4h candle.
2025-11-21 01:24:07,535 [INFO] [ws_manager]: 🛰️ WS Message: candlestick_1m
2025-11-21 01:24:07,536 [DEBUG] [feature_engine]: Updated ETHUSD 1m candle.
2025-11-21 01:24:07,536 [INFO] [ws_manager]: 🛰️ WS Message: candlestick_5m
2025-11-21 01:24:07,537 [DEBUG] [feature_engine]: Updated SOLUSD 5m candle.
2025-11-21 01:24:07,537 [INFO] [ws_manager]: 🛰️ WS Message: candlestick_1h
2025-11-21 01:24:07,538 [DEBUG] [feature_engine]: Updated ETHUSD 1h candle.
2025-11-21 01:24:07,538 [INFO] [ws_manager]: 🛰️ WS Message: candlestick_1h
2025-11-21 01:24:07,539 [DEBUG] [feature_engine]: Updated SOLUSD 1h candle.
2025-11-21 01:24:07,539 [INFO] [ws_manager]: 🛰️ WS Message: candlestick_5m
2025-11-21 01:24:07,540 [DEBUG] [feature_engine]: Updated ETHUSD 5m candle.
2025-11-21 01:24:07,540 [INFO] [ws_manager]: 🛰️ WS Message: candlestick_15m
2025-11-21 01:24:07,541 [DEBUG] [feature_engine]: Updated SOLUSD 15m candle.
2025-11-21 01:24:07,544 [INFO] [ws_manager]: 🛰️ WS Message: v2/spot_price
2025-11-21 01:24:07,546 [INFO] [ws_manager]: 🛰️ WS Message: v2/spot_price
2025-11-21 01:24:07,634 [INFO] [feature_engine]: 📡 Enriched ETHUSD: KER=0.95, BB_W=5.6572, RSI=7.9
2025-11-21 01:24:07,638 [INFO] [feature_engine]: 📡 Enriched BTCUSD: KER=0.96, BB_W=5.3186, RSI=6.4
2025-11-21 01:24:07,704 [INFO] [feature_engine]: 📡 Enriched BTCUSD: KER=0.96, BB_W=5.3186, RSI=6.4
2025-11-21 01:24:07,727 [INFO] [feature_engine]: 📡 Enriched BTCUSD: KER=0.96, BB_W=5.3186, RSI=6.4
2025-11-21 01:24:07,838 [INFO] [feature_engine]: 📡 Enriched BTCUSD: KER=0.96, BB_W=5.3186, RSI=6.4
2025-11-21 01:24:07,857 [INFO] [feature_engine]: 📡 Enriched ETHUSD: KER=0.95, BB_W=5.6572, RSI=7.9
2025-11-21 01:24:07,876 [INFO] [feature_engine]: 📡 Enriched ETHUSD: KER=0.95, BB_W=5.6572, RSI=7.9
2025-11-21 01:24:07,896 [INFO] [ws_manager]: 🛰️ WS Message: v2/ticker
2025-11-21 01:24:07,897 [DEBUG] [feature_engine]: Ticker for SOLUSD received and ignored.
2025-11-21 01:24:07,974 [INFO] [feature_engine]: 📡 Enriched ETHUSD: KER=0.95, BB_W=5.6572, RSI=7.9
2025-11-21 01:24:07,996 [INFO] [ws_manager]: 🛰️ WS Message: v2/ticker
2025-11-21 01:24:07,996 [DEBUG] [feature_engine]: Ticker for ETHUSD received and ignored.
2025-11-21 01:24:08,025 [INFO] [ws_manager]: 🛰️ WS Message: candlestick_1m
2025-11-21 01:24:08,026 [DEBUG] [feature_engine]: Updated BTCUSD 1m candle.
2025-11-21 01:24:08,028 [INFO] [ws_manager]: 🛰️ WS Message: candlestick_1h
2025-11-21 01:24:08,029 [DEBUG] [feature_engine]: Updated ETHUSD 1h candle.
2025-11-21 01:24:08,029 [INFO] [ws_manager]: 🛰️ WS Message: candlestick_1h
2025-11-21 01:24:08,030 [DEBUG] [feature_engine]: Updated BTCUSD 1h candle.
2025-11-21 01:24:08,030 [INFO] [ws_manager]: 🛰️ WS Message: candlestick_1d
2025-11-21 01:24:08,032 [DEBUG] [feature_engine]: Updated BTCUSD 1d candle.
2025-11-21 01:24:08,032 [INFO] [ws_manager]: 🛰️ WS Message: candlestick_15m
2025-11-21 01:24:08,033 [DEBUG] [feature_engine]: Updated BTCUSD 15m candle.
2025-11-21 01:24:08,033 [INFO] [ws_manager]: 🛰️ WS Message: candlestick_4h
2025-11-21 01:24:08,033 [DEBUG] [feature_engine]: Updated ETHUSD 4h candle.
2025-11-21 01:24:08,034 [INFO] [ws_manager]: 🛰️ WS Message: candlestick_5m
2025-11-21 01:24:08,034 [DEBUG] [feature_engine]: Updated ETHUSD 5m candle.
2025-11-21 01:24:08,034 [INFO] [ws_manager]: 🛰️ WS Message: candlestick_1d
2025-11-21 01:24:08,035 [DEBUG] [feature_engine]: Updated ETHUSD 1d candle.
2025-11-21 01:24:08,035 [INFO] [ws_manager]: 🛰️ WS Message: candlestick_15m
2025-11-21 01:24:08,036 [DEBUG] [feature_engine]: Updated ETHUSD 15m candle.
2025-11-21 01:24:08,036 [INFO] [ws_manager]: 🛰️ WS Message: candlestick_4h
2025-11-21 01:24:08,037 [DEBUG] [feature_engine]: Updated BTCUSD 4h candle.
2025-11-21 01:24:08,038 [INFO] [ws_manager]: 🛰️ WS Message: candlestick_1m
2025-11-21 01:24:08,039 [DEBUG] [feature_engine]: Updated ETHUSD 1m candle.
2025-11-21 01:24:08,039 [INFO] [ws_manager]: 🛰️ WS Message: candlestick_5m
2025-11-21 01:24:08,040 [DEBUG] [feature_engine]: Updated BTCUSD 5m candle.
2025-11-21 01:24:08,074 [INFO] [feature_engine]: 📡 Enriched ETHUSD: KER=0.95, BB_W=5.6572, RSI=7.9
2025-11-21 01:24:08,108 [INFO] [ws_manager]: 🛰️ WS Message: v2/ticker
2025-11-21 01:24:08,109 [DEBUG] [feature_engine]: Ticker for BTCUSD received and ignored.
2025-11-21 01:24:08,171 [INFO] [feature_engine]: 📡 Enriched ETHUSD: KER=0.95, BB_W=5.6572, RSI=7.9
2025-11-21 01:24:08,298 [INFO] [tsl_manager]: PUT /v2/orders (stop edit) -> id=1047619110 price=132.2117 type=limit_order
2025-11-21 01:24:08,298 [DEBUG] [signing]: 🧮 REST Signature base: PUT1763668447/v2/orders{"id":1047619110,"limit_price":"132.2117","order_type":"limit_order","product_id":14823,"reduce_only":true,"side":"sell","size":1,"stop_price":"132.2117"}
2025-11-21 01:24:08,299 [DEBUG] [signing]: 🧾 REST Computed signature: 98e594416239883c5b3cbaa2fa4250c634e07627f345c07b8926672c91a26351
2025-11-21 01:24:08,367 [INFO] [feature_engine]: 📡 Enriched ETHUSD: KER=0.95, BB_W=5.6572, RSI=7.9
2025-11-21 01:24:08,410 [INFO] [feature_engine]: 📡 Enriched ETHUSD: KER=0.95, BB_W=5.6572, RSI=7.9
2025-11-21 01:24:08,425 [INFO] [feature_engine]: 📡 Enriched BTCUSD: KER=0.96, BB_W=5.3186, RSI=6.4
2025-11-21 01:24:08,454 [INFO] [feature_engine]: 📡 Enriched SOLUSD: KER=0.98, BB_W=6.3541, RSI=5.9
2025-11-21 01:24:08,461 [INFO] [feature_engine]: 📡 Enriched SOLUSD: KER=0.98, BB_W=6.3541, RSI=5.9
2025-11-21 01:24:08,498 [INFO] [feature_engine]: 📡 Enriched ETHUSD: KER=0.95, BB_W=5.6572, RSI=7.9
2025-11-21 01:24:08,530 [INFO] [feature_engine]: 📡 Enriched ETHUSD: KER=0.95, BB_W=5.6572, RSI=7.9
2025-11-21 01:24:08,531 [INFO] [ws_manager]: 🛰️ WS Message: candlestick_1d
2025-11-21 01:24:08,532 [DEBUG] [feature_engine]: Updated SOLUSD 1d candle.
2025-11-21 01:24:08,532 [INFO] [ws_manager]: 🛰️ WS Message: candlestick_15m
2025-11-21 01:24:08,533 [DEBUG] [feature_engine]: Updated SOLUSD 15m candle.
2025-11-21 01:24:08,533 [INFO] [ws_manager]: 🛰️ WS Message: candlestick_1m
2025-11-21 01:24:08,534 [DEBUG] [feature_engine]: Updated SOLUSD 1m candle.
2025-11-21 01:24:08,534 [INFO] [ws_manager]: 🛰️ WS Message: candlestick_15m
2025-11-21 01:24:08,534 [DEBUG] [feature_engine]: Updated ETHUSD 15m candle.
2025-11-21 01:24:08,534 [INFO] [ws_manager]: 🛰️ WS Message: candlestick_1m
2025-11-21 01:24:08,535 [DEBUG] [feature_engine]: Updated ETHUSD 1m candle.
2025-11-21 01:24:08,535 [INFO] [ws_manager]: 🛰️ WS Message: candlestick_1h
2025-11-21 01:24:08,536 [DEBUG] [feature_engine]: Updated ETHUSD 1h candle.
2025-11-21 01:24:08,536 [INFO] [ws_manager]: 🛰️ WS Message: candlestick_1d
2025-11-21 01:24:08,537 [DEBUG] [feature_engine]: Updated ETHUSD 1d candle.
2025-11-21 01:24:08,537 [INFO] [ws_manager]: 🛰️ WS Message: candlestick_4h
2025-11-21 01:24:08,538 [DEBUG] [feature_engine]: Updated ETHUSD 4h candle.
2025-11-21 01:24:08,539 [INFO] [ws_manager]: 🛰️ WS Message: candlestick_1h
2025-11-21 01:24:08,539 [DEBUG] [feature_engine]: Updated SOLUSD 1h candle.
2025-11-21 01:24:08,539 [INFO] [ws_manager]: 🛰️ WS Message: candlestick_4h
2025-11-21 01:24:08,541 [DEBUG] [feature_engine]: Updated SOLUSD 4h candle.
2025-11-21 01:24:08,541 [INFO] [ws_manager]: 🛰️ WS Message: v2/spot_price
2025-11-21 01:24:08,543 [INFO] [ws_manager]: 🛰️ WS Message: candlestick_5m
2025-11-21 01:24:08,544 [DEBUG] [feature_engine]: Updated SOLUSD 5m candle.
2025-11-21 01:24:08,544 [INFO] [ws_manager]: 🛰️ WS Message: candlestick_5m
2025-11-21 01:24:08,545 [DEBUG] [feature_engine]: Updated ETHUSD 5m candle.
2025-11-21 01:24:08,545 [INFO] [ws_manager]: 🛰️ WS Message: v2/spot_price
2025-11-21 01:24:08,567 [INFO] [ws_manager]: 🛰️ WS Message: v2/spot_price
2025-11-21 01:24:08,583 [INFO] [feature_engine]: 📡 Enriched SOLUSD: KER=0.98, BB_W=6.3541, RSI=5.9
2025-11-21 01:24:08,640 [INFO] [feature_engine]: 📡 Enriched ETHUSD: KER=0.95, BB_W=5.6572, RSI=7.9
2025-11-21 01:24:08,643 [INFO] [feature_engine]: 📡 Enriched BTCUSD: KER=0.96, BB_W=5.3186, RSI=6.4
2025-11-21 01:24:08,660 [INFO] [feature_engine]: 📡 Enriched ETHUSD: KER=0.95, BB_W=5.6572, RSI=7.9
2025-11-21 01:24:08,677 [INFO] [feature_engine]: 📡 Enriched BTCUSD: KER=0.96, BB_W=5.3186, RSI=6.4
2025-11-21 01:24:08,695 [INFO] [feature_engine]: 📡 Enriched SOLUSD: KER=0.98, BB_W=6.3541, RSI=5.9
2025-11-21 01:24:08,735 [INFO] [feature_engine]: 📡 Enriched BTCUSD: KER=0.96, BB_W=5.3186, RSI=6.4
2025-11-21 01:24:08,751 [INFO] [feature_engine]: 📡 Enriched ETHUSD: KER=0.95, BB_W=5.6572, RSI=7.9
2025-11-21 01:24:08,780 [INFO] [feature_engine]: 📡 Enriched ETHUSD: KER=0.95, BB_W=5.6572, RSI=7.9
2025-11-21 01:24:08,783 [INFO] [feature_engine]: 📡 Enriched BTCUSD: KER=0.96, BB_W=5.3186, RSI=6.4
2025-11-21 01:24:08,880 [INFO] [feature_engine]: 📡 Enriched ETHUSD: KER=0.95, BB_W=5.6572, RSI=7.9
2025-11-21 01:24:08,897 [INFO] [feature_engine]: 📡 Enriched BTCUSD: KER=0.96, BB_W=5.3186, RSI=6.4
2025-11-21 01:24:08,985 [INFO] [feature_engine]: 📡 Enriched ETHUSD: KER=0.95, BB_W=5.6572, RSI=7.9
2025-11-21 01:24:09,006 [INFO] [feature_engine]: 📡 Enriched BTCUSD: KER=0.96, BB_W=5.3186, RSI=6.4
2025-11-21 01:24:09,025 [INFO] [ws_manager]: 🛰️ WS Message: candlestick_15m
2025-11-21 01:24:09,025 [DEBUG] [feature_engine]: Updated ETHUSD 15m candle.
2025-11-21 01:24:09,027 [INFO] [ws_manager]: 🛰️ WS Message: candlestick_1d
2025-11-21 01:24:09,027 [DEBUG] [feature_engine]: Updated ETHUSD 1d candle.
2025-11-21 01:24:09,027 [INFO] [ws_manager]: 🛰️ WS Message: candlestick_1m
2025-11-21 01:24:09,028 [DEBUG] [feature_engine]: Updated ETHUSD 1m candle.
2025-11-21 01:24:09,028 [INFO] [ws_manager]: 🛰️ WS Message: candlestick_1d
2025-11-21 01:24:09,029 [DEBUG] [feature_engine]: Updated BTCUSD 1d candle.
2025-11-21 01:24:09,029 [INFO] [ws_manager]: 🛰️ WS Message: candlestick_1h
2025-11-21 01:24:09,029 [DEBUG] [feature_engine]: Updated ETHUSD 1h candle.
2025-11-21 01:24:09,031 [INFO] [ws_manager]: 🛰️ WS Message: candlestick_1h
2025-11-21 01:24:09,031 [DEBUG] [feature_engine]: Updated BTCUSD 1h candle.
2025-11-21 01:24:09,034 [INFO] [ws_manager]: 🛰️ WS Message: candlestick_15m
2025-11-21 01:24:09,035 [DEBUG] [feature_engine]: Updated BTCUSD 15m candle.
2025-11-21 01:24:09,035 [INFO] [ws_manager]: 🛰️ WS Message: candlestick_1m
2025-11-21 01:24:09,036 [DEBUG] [feature_engine]: Updated BTCUSD 1m candle.
2025-11-21 01:24:09,036 [INFO] [ws_manager]: 🛰️ WS Message: candlestick_4h
2025-11-21 01:24:09,037 [DEBUG] [feature_engine]: Updated ETHUSD 4h candle.
2025-11-21 01:24:09,038 [INFO] [ws_manager]: 🛰️ WS Message: candlestick_5m
2025-11-21 01:24:09,039 [DEBUG] [feature_engine]: Updated ETHUSD 5m candle.
2025-11-21 01:24:09,040 [INFO] [ws_manager]: 🛰️ WS Message: candlestick_5m
2025-11-21 01:24:09,040 [DEBUG] [feature_engine]: Updated BTCUSD 5m candle.
2025-11-21 01:24:09,041 [INFO] [ws_manager]: 🛰️ WS Message: candlestick_4h
2025-11-21 01:24:09,041 [DEBUG] [feature_engine]: Updated BTCUSD 4h candle.
2025-11-21 01:24:09,206 [INFO] [feature_engine]: 📡 Enriched SOLUSD: KER=0.98, BB_W=6.3541, RSI=5.9
2025-11-21 01:24:09,270 [INFO] [ws_manager]: 🛰️ WS Message: orders
2025-11-21 01:24:09,271 [INFO] [tsl_manager]: ✅ Stop order 1047619110 updated to 132.2117
2025-11-21 01:24:09,330 [INFO] [feature_engine]: 📡 Enriched ETHUSD: KER=0.95, BB_W=5.6572, RSI=7.9
2025-11-21 01:24:09,419 [INFO] [feature_engine]: 📡 Enriched SOLUSD: KER=0.98, BB_W=6.3541, RSI=5.9
2025-11-21 01:24:09,445 [INFO] [feature_engine]: 📡 Enriched ETHUSD: KER=0.95, BB_W=5.6572, RSI=7.9
2025-11-21 01:24:09,530 [INFO] [ws_manager]: 🛰️ WS Message: v2/spot_price
2025-11-21 01:24:09,545 [INFO] [ws_manager]: 🛰️ WS Message: v2/spot_price
2025-11-21 01:24:09,546 [INFO] [ws_manager]: 🛰️ WS Message: v2/spot_price
2025-11-21 01:24:09,559 [INFO] [feature_engine]: 📡 Enriched ETHUSD: KER=0.95, BB_W=5.6572, RSI=7.9
2025-11-21 01:24:09,661 [INFO] [feature_engine]: 📡 Enriched BTCUSD: KER=0.96, BB_W=5.3186, RSI=6.4
2025-11-21 01:24:09,712 [INFO] [feature_engine]: 📡 Enriched BTCUSD: KER=0.96, BB_W=5.3186, RSI=6.4
2025-11-21 01:24:09,791 [INFO] [feature_engine]: 📡 Enriched ETHUSD: KER=0.95, BB_W=5.6572, RSI=7.9
2025-11-21 01:24:09,907 [INFO] [feature_engine]: 📡 Enriched ETHUSD: KER=0.95, BB_W=5.6572, RSI=7.9
2025-11-21 01:24:09,949 [INFO] [feature_engine]: 📡 Enriched BTCUSD: KER=0.96, BB_W=5.3186, RSI=6.4
2025-11-21 01:24:10,059 [INFO] [feature_engine]: 📡 Enriched BTCUSD: KER=0.96, BB_W=5.3186, RSI=6.4
2025-11-21 01:24:10,122 [INFO] [feature_engine]: 📡 Enriched BTCUSD: KER=0.96, BB_W=5.3186, RSI=6.4
2025-11-21 01:24:10,166 [INFO] [feature_engine]: 📡 Enriched SOLUSD: KER=0.98, BB_W=6.3541, RSI=5.9
2025-11-21 01:24:10,181 [INFO] [feature_engine]: 📡 Enriched BTCUSD: KER=0.96, BB_W=5.3186, RSI=6.4
2025-11-21 01:24:10,247 [INFO] [feature_engine]: 📡 Enriched ETHUSD: KER=0.95, BB_W=5.6572, RSI=7.9
2025-11-21 01:24:10,290 [INFO] [feature_engine]: 📡 Enriched BTCUSD: KER=0.96, BB_W=5.3186, RSI=6.4
2025-11-21 01:24:10,518 [INFO] [feature_engine]: 📡 Enriched ETHUSD: KER=0.95, BB_W=5.6572, RSI=7.9
2025-11-21 01:24:10,524 [INFO] [ws_manager]: 🛰️ WS Message: candlestick_1h
2025-11-21 01:24:10,524 [DEBUG] [feature_engine]: Updated BTCUSD 1h candle.
2025-11-21 01:24:10,526 [INFO] [ws_manager]: 🛰️ WS Message: candlestick_1d
2025-11-21 01:24:10,526 [DEBUG] [feature_engine]: Updated BTCUSD 1d candle.
2025-11-21 01:24:10,527 [INFO] [ws_manager]: 🛰️ WS Message: candlestick_1m
2025-11-21 01:24:10,527 [DEBUG] [feature_engine]: Updated BTCUSD 1m candle.
2025-11-21 01:24:10,527 [INFO] [ws_manager]: 🛰️ WS Message: candlestick_15m
2025-11-21 01:24:10,528 [DEBUG] [feature_engine]: Updated BTCUSD 15m candle.
2025-11-21 01:24:10,532 [INFO] [ws_manager]: 🛰️ WS Message: candlestick_4h
2025-11-21 01:24:10,533 [DEBUG] [feature_engine]: Updated BTCUSD 4h candle.
2025-11-21 01:24:10,533 [INFO] [ws_manager]: 🛰️ WS Message: candlestick_5m
2025-11-21 01:24:10,533 [DEBUG] [feature_engine]: Updated BTCUSD 5m candle.
2025-11-21 01:24:10,534 [INFO] [ws_manager]: 🛰️ WS Message: v2/spot_price
2025-11-21 01:24:10,548 [INFO] [ws_manager]: 🛰️ WS Message: v2/spot_price
2025-11-21 01:24:10,548 [INFO] [ws_manager]: 🛰️ WS Message: v2/spot_price
2025-11-21 01:24:10,572 [INFO] [feature_engine]: 📡 Enriched ETHUSD: KER=0.95, BB_W=5.6572, RSI=7.9
2025-11-21 01:24:10,752 [INFO] [feature_engine]: 📡 Enriched BTCUSD: KER=0.96, BB_W=5.3186, RSI=6.4
2025-11-21 01:24:11,200 [INFO] [feature_engine]: 📡 Enriched SOLUSD: KER=0.98, BB_W=6.3541, RSI=5.9
2025-11-21 01:24:11,332 [INFO] [feature_engine]: 📡 Enriched SOLUSD: KER=0.98, BB_W=6.3541, RSI=5.9
2025-11-21 01:24:11,394 [INFO] [feature_engine]: 📡 Enriched ETHUSD: KER=0.95, BB_W=5.6572, RSI=7.9
2025-11-21 01:24:11,484 [INFO] [feature_engine]: 📡 Enriched ETHUSD: KER=0.95, BB_W=5.6572, RSI=7.9
2025-11-21 01:24:11,531 [INFO] [ws_manager]: 🛰️ WS Message: v2/spot_price
2025-11-21 01:24:11,543 [INFO] [ws_manager]: 🛰️ WS Message: v2/spot_price
2025-11-21 01:24:11,544 [INFO] [ws_manager]: 🛰️ WS Message: v2/spot_price
2025-11-21 01:24:11,576 [INFO] [feature_engine]: 📡 Enriched BTCUSD: KER=0.96, BB_W=5.3186, RSI=6.4
2025-11-21 01:24:11,590 [INFO] [feature_engine]: 📡 Enriched ETHUSD: KER=0.95, BB_W=5.6572, RSI=7.9
2025-11-21 01:24:11,606 [INFO] [feature_engine]: 📡 Enriched ETHUSD: KER=0.95, BB_W=5.6572, RSI=7.9
2025-11-21 01:24:11,647 [INFO] [feature_engine]: 📡 Enriched SOLUSD: KER=0.98, BB_W=6.3541, RSI=5.9
2025-11-21 01:24:11,678 [INFO] [feature_engine]: 📡 Enriched BTCUSD: KER=0.96, BB_W=5.3186, RSI=6.4
2025-11-21 01:24:11,691 [INFO] [feature_engine]: 📡 Enriched BTCUSD: KER=0.96, BB_W=5.3186, RSI=6.4
2025-11-21 01:24:11,724 [INFO] [feature_engine]: 📡 Enriched ETHUSD: KER=0.95, BB_W=5.6572, RSI=7.9
2025-11-21 01:24:11,805 [INFO] [feature_engine]: 📡 Enriched BTCUSD: KER=0.96, BB_W=5.3186, RSI=6.4
2025-11-21 01:24:11,832 [INFO] [feature_engine]: 📡 Enriched ETHUSD: KER=0.95, BB_W=5.6572, RSI=7.9
2025-11-21 01:24:11,852 [INFO] [feature_engine]: 📡 Enriched SOLUSD: KER=0.98, BB_W=6.3541, RSI=5.9
2025-11-21 01:24:11,897 [INFO] [feature_engine]: 📡 Enriched BTCUSD: KER=0.96, BB_W=5.3186, RSI=6.4
2025-11-21 01:24:11,974 [INFO] [feature_engine]: 📡 Enriched SOLUSD: KER=0.98, BB_W=6.3541, RSI=5.9
2025-11-21 01:24:12,008 [INFO] [feature_engine]: 📡 Enriched BTCUSD: KER=0.96, BB_W=5.3186, RSI=6.4
2025-11-21 01:24:12,023 [INFO] [ws_manager]: 🛰️ WS Message: candlestick_1d
2025-11-21 01:24:12,024 [DEBUG] [feature_engine]: Updated ETHUSD 1d candle.
2025-11-21 01:24:12,026 [INFO] [ws_manager]: 🛰️ WS Message: candlestick_1m
2025-11-21 01:24:12,027 [DEBUG] [feature_engine]: Updated ETHUSD 1m candle.
2025-11-21 01:24:12,027 [INFO] [ws_manager]: 🛰️ WS Message: candlestick_1h
2025-11-21 01:24:12,027 [DEBUG] [feature_engine]: Updated ETHUSD 1h candle.
2025-11-21 01:24:12,028 [INFO] [ws_manager]: 🛰️ WS Message: candlestick_15m
2025-11-21 01:24:12,028 [DEBUG] [feature_engine]: Updated ETHUSD 15m candle.
2025-11-21 01:24:12,029 [INFO] [ws_manager]: 🛰️ WS Message: candlestick_4h
2025-11-21 01:24:12,029 [DEBUG] [feature_engine]: Updated ETHUSD 4h candle.
2025-11-21 01:24:12,029 [INFO] [ws_manager]: 🛰️ WS Message: candlestick_5m
2025-11-21 01:24:12,030 [DEBUG] [feature_engine]: Updated ETHUSD 5m candle.
2025-11-21 01:24:12,052 [INFO] [feature_engine]: 📡 Enriched ETHUSD: KER=0.95, BB_W=5.6572, RSI=7.9
2025-11-21 01:24:12,115 [INFO] [feature_engine]: 📡 Enriched BTCUSD: KER=0.96, BB_W=5.3186, RSI=6.4
2025-11-21 01:24:12,211 [INFO] [feature_engine]: 📡 Enriched ETHUSD: KER=0.95, BB_W=5.6572, RSI=7.9
2025-11-21 01:24:12,228 [INFO] [feature_engine]: 📡 Enriched BTCUSD: KER=0.96, BB_W=5.3186, RSI=6.4
2025-11-21 01:24:12,278 [INFO] [feature_engine]: 📡 Enriched ETHUSD: KER=0.95, BB_W=5.6572, RSI=7.9
2025-11-21 01:24:12,294 [INFO] [feature_engine]: 📡 Enriched SOLUSD: KER=0.98, BB_W=6.3541, RSI=5.9
2025-11-21 01:24:12,332 [INFO] [feature_engine]: 📡 Enriched BTCUSD: KER=0.96, BB_W=5.3186, RSI=6.4
2025-11-21 01:24:12,393 [INFO] [feature_engine]: 📡 Enriched ETHUSD: KER=0.95, BB_W=5.6572, RSI=7.9
2025-11-21 01:24:12,456 [INFO] [feature_engine]: 📡 Enriched BTCUSD: KER=0.96, BB_W=5.3186, RSI=6.4
2025-11-21 01:24:12,495 [INFO] [feature_engine]: 📡 Enriched ETHUSD: KER=0.95, BB_W=5.6572, RSI=7.9
2025-11-21 01:24:12,509 [INFO] [feature_engine]: 📡 Enriched SOLUSD: KER=0.98, BB_W=6.3541, RSI=5.9
2025-11-21 01:24:12,530 [INFO] [ws_manager]: 🛰️ WS Message: v2/spot_price
2025-11-21 01:24:12,536 [INFO] [ws_manager]: 🛰️ WS Message: candlestick_1m
2025-11-21 01:24:12,537 [DEBUG] [feature_engine]: Updated ETHUSD 1m candle.
2025-11-21 01:24:12,537 [INFO] [ws_manager]: 🛰️ WS Message: candlestick_1h
2025-11-21 01:24:12,538 [DEBUG] [feature_engine]: Updated ETHUSD 1h candle.
2025-11-21 01:24:12,538 [INFO] [ws_manager]: 🛰️ WS Message: candlestick_15m
2025-11-21 01:24:12,539 [DEBUG] [feature_engine]: Updated ETHUSD 15m candle.
2025-11-21 01:24:12,539 [INFO] [ws_manager]: 🛰️ WS Message: v2/spot_price
2025-11-21 01:24:12,540 [INFO] [ws_manager]: 🛰️ WS Message: candlestick_1d
2025-11-21 01:24:12,541 [DEBUG] [feature_engine]: Updated ETHUSD 1d candle.
2025-11-21 01:24:12,541 [INFO] [ws_manager]: 🛰️ WS Message: candlestick_4h
2025-11-21 01:24:12,542 [DEBUG] [feature_engine]: Updated ETHUSD 4h candle.
2025-11-21 01:24:12,542 [INFO] [ws_manager]: 🛰️ WS Message: candlestick_5m
2025-11-21 01:24:12,542 [DEBUG] [feature_engine]: Updated ETHUSD 5m candle.
2025-11-21 01:24:12,544 [INFO] [ws_manager]: 🛰️ WS Message: v2/spot_price
2025-11-21 01:24:12,581 [INFO] [feature_engine]: 📡 Enriched BTCUSD: KER=0.96, BB_W=5.3186, RSI=6.4
2025-11-21 01:24:12,614 [INFO] [feature_engine]: 📡 Enriched ETHUSD: KER=0.95, BB_W=5.6572, RSI=7.9
2025-11-21 01:24:12,638 [INFO] [feature_engine]: 📡 Enriched ETHUSD: KER=0.95, BB_W=5.6572, RSI=7.9
2025-11-21 01:24:12,733 [INFO] [feature_engine]: 📡 Enriched ETHUSD: KER=0.95, BB_W=5.6572, RSI=7.9
2025-11-21 01:24:12,750 [INFO] [feature_engine]: 📡 Enriched BTCUSD: KER=0.96, BB_W=5.3186, RSI=6.4
2025-11-21 01:24:12,812 [INFO] [feature_engine]: 📡 Enriched BTCUSD: KER=0.96, BB_W=5.3186, RSI=6.4
2025-11-21 01:24:12,849 [INFO] [feature_engine]: 📡 Enriched ETHUSD: KER=0.95, BB_W=5.6572, RSI=7.9
2025-11-21 01:24:12,919 [INFO] [feature_engine]: 📡 Enriched BTCUSD: KER=0.96, BB_W=5.3186, RSI=6.4
2025-11-21 01:24:12,941 [INFO] [ws_manager]: 🛰️ WS Message: v2/ticker
2025-11-21 01:24:12,942 [DEBUG] [feature_engine]: Ticker for SOLUSD received and ignored.
2025-11-21 01:24:12,946 [INFO] [feature_engine]: 📡 Enriched SOLUSD: KER=0.98, BB_W=6.3541, RSI=5.9
2025-11-21 01:24:12,971 [INFO] [feature_engine]: 📡 Enriched ETHUSD: KER=0.95, BB_W=5.6572, RSI=7.9
2025-11-21 01:24:12,999 [INFO] [feature_engine]: 📡 Enriched BTCUSD: KER=0.96, BB_W=5.3186, RSI=6.4
2025-11-21 01:24:13,005 [INFO] [ws_manager]: 🛰️ WS Message: funding_rate
2025-11-21 01:24:13,019 [INFO] [feature_engine]: 📡 Enriched SOLUSD: KER=0.98, BB_W=6.3541, RSI=5.9
2025-11-21 01:24:13,019 [INFO] [ws_manager]: 🛰️ WS Message: v2/ticker
2025-11-21 01:24:13,020 [DEBUG] [feature_engine]: Ticker for ETHUSD received and ignored.
2025-11-21 01:24:13,034 [INFO] [ws_manager]: 🛰️ WS Message: candlestick_15m
2025-11-21 01:24:13,034 [DEBUG] [feature_engine]: Updated BTCUSD 15m candle.
2025-11-21 01:24:13,035 [INFO] [ws_manager]: 🛰️ WS Message: candlestick_1m
2025-11-21 01:24:13,035 [DEBUG] [feature_engine]: Updated BTCUSD 1m candle.
2025-11-21 01:24:13,038 [INFO] [ws_manager]: 🛰️ WS Message: candlestick_1h
2025-11-21 01:24:13,038 [DEBUG] [feature_engine]: Updated BTCUSD 1h candle.
2025-11-21 01:24:13,039 [INFO] [ws_manager]: 🛰️ WS Message: candlestick_4h
2025-11-21 01:24:13,039 [DEBUG] [feature_engine]: Updated BTCUSD 4h candle.
2025-11-21 01:24:13,040 [INFO] [ws_manager]: 🛰️ WS Message: candlestick_1d
2025-11-21 01:24:13,041 [DEBUG] [feature_engine]: Updated BTCUSD 1d candle.
2025-11-21 01:24:13,041 [INFO] [ws_manager]: 🛰️ WS Message: candlestick_5m
2025-11-21 01:24:13,042 [DEBUG] [feature_engine]: Updated BTCUSD 5m candle.
2025-11-21 01:24:13,059 [INFO] [feature_engine]: 📡 Enriched BTCUSD: KER=0.96, BB_W=5.3186, RSI=6.4
2025-11-21 01:24:13,061 [INFO] [feature_engine]: 📡 Enriched SOLUSD: KER=0.98, BB_W=6.3541, RSI=5.9
2025-11-21 01:24:13,078 [INFO] [feature_engine]: 📡 Enriched ETHUSD: KER=0.95, BB_W=5.6572, RSI=7.9
2025-11-21 01:24:13,109 [INFO] [feature_engine]: 📡 Enriched BTCUSD: KER=0.96, BB_W=5.3186, RSI=6.4
2025-11-21 01:24:13,110 [INFO] [ws_manager]: 🛰️ WS Message: v2/ticker
2025-11-21 01:24:13,111 [DEBUG] [feature_engine]: Ticker for BTCUSD received and ignored.
2025-11-21 01:24:13,150 [INFO] [feature_engine]: 📡 Enriched SOLUSD: KER=0.98, BB_W=6.3541, RSI=5.9
2025-11-21 01:24:13,166 [INFO] [feature_engine]: 📡 Enriched BTCUSD: KER=0.96, BB_W=5.3186, RSI=6.4
2025-11-21 01:24:13,193 [INFO] [feature_engine]: 📡 Enriched ETHUSD: KER=0.95, BB_W=5.6572, RSI=7.9
2025-11-21 01:24:13,243 [INFO] [feature_engine]: 📡 Enriched ETHUSD: KER=0.95, BB_W=5.6572, RSI=7.9
2025-11-21 01:24:13,257 [INFO] [feature_engine]: 📡 Enriched ETHUSD: KER=0.95, BB_W=5.6572, RSI=7.9
2025-11-21 01:24:13,270 [INFO] [feature_engine]: 📡 Enriched SOLUSD: KER=0.98, BB_W=6.3541, RSI=5.9
2025-11-21 01:24:13,285 [INFO] [feature_engine]: 📡 Enriched BTCUSD: KER=0.96, BB_W=5.3186, RSI=6.4
2025-11-21 01:24:13,310 [INFO] [feature_engine]: 📡 Enriched ETHUSD: KER=0.95, BB_W=5.6572, RSI=7.9
2025-11-21 01:24:13,414 [INFO] [feature_engine]: 📡 Enriched ETHUSD: KER=0.95, BB_W=5.6572, RSI=7.9
2025-11-21 01:24:13,526 [INFO] [feature_engine]: 📡 Enriched BTCUSD: KER=0.96, BB_W=5.3186, RSI=6.4
2025-11-21 01:24:13,529 [INFO] [ws_manager]: 🛰️ WS Message: candlestick_15m
2025-11-21 01:24:13,530 [INFO] [ws_manager]: 🛰️ WS Message: candlestick_1d
2025-11-21 01:24:13,531 [INFO] [feature_engine]: 📡 Enriched ETHUSD: KER=0.95, BB_W=5.6572, RSI=7.9
2025-11-21 01:24:13,531 [DEBUG] [feature_engine]: Updated ETHUSD 15m candle.
2025-11-21 01:24:13,531 [DEBUG] [feature_engine]: Updated BTCUSD 1d candle.
2025-11-21 01:24:13,544 [INFO] [ws_manager]: 🛰️ WS Message: candlestick_1m
2025-11-21 01:24:13,545 [DEBUG] [feature_engine]: Updated ETHUSD 1m candle.
2025-11-21 01:24:13,545 [INFO] [ws_manager]: 🛰️ WS Message: candlestick_1m
2025-11-21 01:24:13,545 [DEBUG] [feature_engine]: Updated BTCUSD 1m candle.
2025-11-21 01:24:13,546 [INFO] [ws_manager]: 🛰️ WS Message: candlestick_1d
2025-11-21 01:24:13,546 [DEBUG] [feature_engine]: Updated ETHUSD 1d candle.
2025-11-21 01:24:13,546 [INFO] [ws_manager]: 🛰️ WS Message: candlestick_15m
2025-11-21 01:24:13,547 [DEBUG] [feature_engine]: Updated BTCUSD 15m candle.
2025-11-21 01:24:13,547 [INFO] [ws_manager]: 🛰️ WS Message: candlestick_1h
2025-11-21 01:24:13,548 [DEBUG] [feature_engine]: Updated ETHUSD 1h candle.
2025-11-21 01:24:13,548 [INFO] [ws_manager]: 🛰️ WS Message: candlestick_1h
2025-11-21 01:24:13,549 [DEBUG] [feature_engine]: Updated BTCUSD 1h candle.
2025-11-21 01:24:13,549 [INFO] [ws_manager]: 🛰️ WS Message: candlestick_5m
2025-11-21 01:24:13,549 [DEBUG] [feature_engine]: Updated BTCUSD 5m candle.
2025-11-21 01:24:13,549 [INFO] [ws_manager]: 🛰️ WS Message: v2/spot_price
2025-11-21 01:24:13,550 [INFO] [ws_manager]: 🛰️ WS Message: candlestick_4h
2025-11-21 01:24:13,551 [DEBUG] [feature_engine]: Updated BTCUSD 4h candle.
2025-11-21 01:24:13,551 [INFO] [ws_manager]: 🛰️ WS Message: candlestick_4h
2025-11-21 01:24:13,552 [DEBUG] [feature_engine]: Updated ETHUSD 4h candle.
2025-11-21 01:24:13,552 [INFO] [ws_manager]: 🛰️ WS Message: candlestick_5m
2025-11-21 01:24:13,552 [DEBUG] [feature_engine]: Updated ETHUSD 5m candle.
2025-11-21 01:24:13,560 [INFO] [ws_manager]: 🛰️ WS Message: v2/spot_price
2025-11-21 01:24:13,563 [INFO] [ws_manager]: 🛰️ WS Message: v2/spot_price
2025-11-21 01:24:13,576 [INFO] [feature_engine]: 📡 Enriched BTCUSD: KER=0.96, BB_W=5.3186, RSI=6.4
2025-11-21 01:24:13,591 [INFO] [feature_engine]: 📡 Enriched SOLUSD: KER=0.98, BB_W=6.3541, RSI=5.9
2025-11-21 01:24:13,652 [INFO] [feature_engine]: 📡 Enriched BTCUSD: KER=0.96, BB_W=5.3186, RSI=6.4
2025-11-21 01:24:13,789 [INFO] [feature_engine]: 📡 Enriched BTCUSD: KER=0.96, BB_W=5.3186, RSI=6.4
2025-11-21 01:24:13,849 [INFO] [feature_engine]: 📡 Enriched BTCUSD: KER=0.96, BB_W=5.3186, RSI=6.4
2025-11-21 01:24:13,897 [INFO] [feature_engine]: 📡 Enriched ETHUSD: KER=0.95, BB_W=5.6572, RSI=7.9
2025-11-21 01:24:13,912 [INFO] [feature_engine]: 📡 Enriched BTCUSD: KER=0.96, BB_W=5.3186, RSI=6.4
2025-11-21 01:24:14,032 [INFO] [ws_manager]: 🛰️ WS Message: candlestick_15m
2025-11-21 01:24:14,033 [DEBUG] [feature_engine]: Updated BTCUSD 15m candle.
2025-11-21 01:24:14,033 [INFO] [ws_manager]: 🛰️ WS Message: candlestick_1h
2025-11-21 01:24:14,034 [DEBUG] [feature_engine]: Updated BTCUSD 1h candle.
2025-11-21 01:24:14,034 [INFO] [ws_manager]: 🛰️ WS Message: candlestick_1d
2025-11-21 01:24:14,034 [DEBUG] [feature_engine]: Updated BTCUSD 1d candle.
2025-11-21 01:24:14,034 [INFO] [ws_manager]: 🛰️ WS Message: candlestick_1m
2025-11-21 01:24:14,035 [DEBUG] [feature_engine]: Updated BTCUSD 1m candle.
2025-11-21 01:24:14,035 [INFO] [ws_manager]: 🛰️ WS Message: candlestick_5m
2025-11-21 01:24:14,035 [DEBUG] [feature_engine]: Updated BTCUSD 5m candle.
2025-11-21 01:24:14,036 [INFO] [ws_manager]: 🛰️ WS Message: candlestick_4h
2025-11-21 01:24:14,036 [DEBUG] [feature_engine]: Updated BTCUSD 4h candle.
2025-11-21 01:24:14,133 [INFO] [feature_engine]: 📡 Enriched ETHUSD: KER=0.95, BB_W=5.6572, RSI=7.9
2025-11-21 01:24:14,254 [INFO] [feature_engine]: 📡 Enriched ETHUSD: KER=0.95, BB_W=5.6572, RSI=7.9
2025-11-21 01:24:14,309 [INFO] [feature_engine]: 📡 Enriched ETHUSD: KER=0.95, BB_W=5.6572, RSI=7.9
2025-11-21 01:24:14,332 [INFO] [feature_engine]: 📡 Enriched SOLUSD: KER=0.98, BB_W=6.3541, RSI=5.9
2025-11-21 01:24:14,371 [INFO] [feature_engine]: 📡 Enriched ETHUSD: KER=0.95, BB_W=5.6572, RSI=7.9
2025-11-21 01:24:14,384 [INFO] [feature_engine]: 📡 Enriched ETHUSD: KER=0.95, BB_W=5.6572, RSI=7.9
2025-11-21 01:24:14,416 [INFO] [feature_engine]: 📡 Enriched ETHUSD: KER=0.95, BB_W=5.6572, RSI=7.9
2025-11-21 01:24:14,473 [INFO] [tsl_manager]: PUT /v2/orders (stop edit) -> id=1047619110 price=132.2117 type=limit_order
2025-11-21 01:24:14,474 [DEBUG] [signing]: 🧮 REST Signature base: PUT1763668453/v2/orders{"id":1047619110,"limit_price":"132.2117","order_type":"limit_order","product_id":14823,"reduce_only":true,"side":"sell","size":1,"stop_price":"132.2117"}
2025-11-21 01:24:14,474 [DEBUG] [signing]: 🧾 REST Computed signature: c41814d386fc7a47666ddfdee8a1db1ba530e2f717964e4edda7872ddd61f400
2025-11-21 01:24:14,494 [INFO] [feature_engine]: 📡 Enriched ETHUSD: KER=0.95, BB_W=5.6572, RSI=7.9
2025-11-21 01:24:14,529 [INFO] [feature_engine]: 📡 Enriched SOLUSD: KER=0.98, BB_W=6.3541, RSI=5.9
2025-11-21 01:24:14,554 [INFO] [ws_manager]: 🛰️ WS Message: v2/spot_price
2025-11-21 01:24:14,558 [INFO] [ws_manager]: 🛰️ WS Message: candlestick_1m
2025-11-21 01:24:14,559 [INFO] [feature_engine]: 📡 Enriched ETHUSD: KER=0.95, BB_W=5.6572, RSI=7.9
2025-11-21 01:24:14,560 [DEBUG] [feature_engine]: Updated ETHUSD 1m candle.
2025-11-21 01:24:14,560 [INFO] [ws_manager]: 🛰️ WS Message: candlestick_15m
2025-11-21 01:24:14,573 [DEBUG] [feature_engine]: Updated ETHUSD 15m candle.
2025-11-21 01:24:14,573 [INFO] [ws_manager]: 🛰️ WS Message: candlestick_1h
2025-11-21 01:24:14,574 [DEBUG] [feature_engine]: Updated ETHUSD 1h candle.
2025-11-21 01:24:14,574 [INFO] [ws_manager]: 🛰️ WS Message: candlestick_4h
2025-11-21 01:24:14,575 [DEBUG] [feature_engine]: Updated ETHUSD 4h candle.
2025-11-21 01:24:14,575 [INFO] [ws_manager]: 🛰️ WS Message: candlestick_5m
2025-11-21 01:24:14,576 [DEBUG] [feature_engine]: Updated ETHUSD 5m candle.
2025-11-21 01:24:14,577 [INFO] [ws_manager]: 🛰️ WS Message: candlestick_1d
2025-11-21 01:24:14,578 [DEBUG] [feature_engine]: Updated ETHUSD 1d candle.
2025-11-21 01:24:14,578 [INFO] [ws_manager]: 🛰️ WS Message: v2/spot_price
2025-11-21 01:24:14,579 [INFO] [ws_manager]: 🛰️ WS Message: v2/spot_price
2025-11-21 01:24:14,601 [INFO] [feature_engine]: 📡 Enriched ETHUSD: KER=0.95, BB_W=5.6572, RSI=7.9
2025-11-21 01:24:14,649 [INFO] [feature_engine]: 📡 Enriched ETHUSD: KER=0.95, BB_W=5.6572, RSI=7.9
2025-11-21 01:24:14,689 [INFO] [feature_engine]: 📡 Enriched ETHUSD: KER=0.95, BB_W=5.6572, RSI=7.9
2025-11-21 01:24:14,716 [INFO] [feature_engine]: 📡 Enriched ETHUSD: KER=0.95, BB_W=5.6572, RSI=7.9
2025-11-21 01:24:14,830 [INFO] [feature_engine]: 📡 Enriched ETHUSD: KER=0.95, BB_W=5.6572, RSI=7.9
2025-11-21 01:24:14,844 [INFO] [feature_engine]: 📡 Enriched BTCUSD: KER=0.96, BB_W=5.3186, RSI=6.4
2025-11-21 01:24:14,926 [INFO] [feature_engine]: 📡 Enriched BTCUSD: KER=0.96, BB_W=5.3186, RSI=6.4
2025-11-21 01:24:14,954 [INFO] [feature_engine]: 📡 Enriched ETHUSD: KER=0.95, BB_W=5.6572, RSI=7.9
2025-11-21 01:24:15,024 [INFO] [ws_manager]: 🛰️ WS Message: candlestick_1m
2025-11-21 01:24:15,025 [DEBUG] [feature_engine]: Updated ETHUSD 1m candle.
2025-11-21 01:24:15,026 [INFO] [ws_manager]: 🛰️ WS Message: candlestick_15m
2025-11-21 01:24:15,026 [DEBUG] [feature_engine]: Updated ETHUSD 15m candle.
2025-11-21 01:24:15,027 [INFO] [ws_manager]: 🛰️ WS Message: candlestick_1d
2025-11-21 01:24:15,028 [DEBUG] [feature_engine]: Updated ETHUSD 1d candle.
2025-11-21 01:24:15,028 [INFO] [ws_manager]: 🛰️ WS Message: candlestick_1h
2025-11-21 01:24:15,028 [DEBUG] [feature_engine]: Updated ETHUSD 1h candle.
2025-11-21 01:24:15,029 [INFO] [ws_manager]: 🛰️ WS Message: candlestick_4h
2025-11-21 01:24:15,029 [DEBUG] [feature_engine]: Updated ETHUSD 4h candle.
2025-11-21 01:24:15,030 [INFO] [ws_manager]: 🛰️ WS Message: candlestick_5m
2025-11-21 01:24:15,030 [DEBUG] [feature_engine]: Updated ETHUSD 5m candle.
2025-11-21 01:24:15,267 [INFO] [feature_engine]: 📡 Enriched SOLUSD: KER=0.98, BB_W=6.3541, RSI=5.9
2025-11-21 01:24:15,296 [INFO] [feature_engine]: 📡 Enriched ETHUSD: KER=0.95, BB_W=5.6572, RSI=7.9
2025-11-21 01:24:15,383 [INFO] [feature_engine]: 📡 Enriched SOLUSD: KER=0.98, BB_W=6.3541, RSI=5.9
2025-11-21 01:24:15,443 [INFO] [feature_engine]: 📡 Enriched ETHUSD: KER=0.95, BB_W=5.6572, RSI=7.9
2025-11-21 01:24:15,444 [INFO] [ws_manager]: 🛰️ WS Message: orders
2025-11-21 01:24:15,448 [INFO] [tsl_manager]: ✅ Stop order 1047619110 updated to 132.2117
2025-11-21 01:24:15,530 [INFO] [feature_engine]: 📡 Enriched SOLUSD: KER=0.98, BB_W=6.3541, RSI=5.9
2025-11-21 01:24:15,535 [INFO] [ws_manager]: 🛰️ WS Message: v2/spot_price
2025-11-21 01:24:15,549 [INFO] [feature_engine]: 📡 Enriched BTCUSD: KER=0.96, BB_W=5.3186, RSI=6.4
2025-11-21 01:24:15,550 [INFO] [ws_manager]: 🛰️ WS Message: v2/spot_price
2025-11-21 01:24:15,550 [INFO] [ws_manager]: 🛰️ WS Message: v2/spot_price
2025-11-21 01:24:15,598 [INFO] [ws_manager]: 🛰️ WS Message: funding_rate
2025-11-21 01:24:15,614 [INFO] [feature_engine]: 📡 Enriched BTCUSD: KER=0.96, BB_W=5.3186, RSI=6.4
2025-11-21 01:24:15,643 [INFO] [feature_engine]: 📡 Enriched BTCUSD: KER=0.96, BB_W=5.3186, RSI=6.4
2025-11-21 01:24:15,752 [INFO] [feature_engine]: 📡 Enriched BTCUSD: KER=0.96, BB_W=5.3186, RSI=6.4
2025-11-21 01:24:15,790 [INFO] [feature_engine]: 📡 Enriched ETHUSD: KER=0.95, BB_W=5.6572, RSI=7.9
2025-11-21 01:24:15,863 [INFO] [feature_engine]: 📡 Enriched BTCUSD: KER=0.96, BB_W=5.3186, RSI=6.4
2025-11-21 01:24:15,878 [INFO] [feature_engine]: 📡 Enriched BTCUSD: KER=0.96, BB_W=5.3186, RSI=6.4
2025-11-21 01:24:15,891 [INFO] [feature_engine]: 📡 Enriched BTCUSD: KER=0.96, BB_W=5.3186, RSI=6.4
2025-11-21 01:24:15,981 [INFO] [feature_engine]: 📡 Enriched BTCUSD: KER=0.96, BB_W=5.3186, RSI=6.4
2025-11-21 01:24:16,009 [INFO] [feature_engine]: 📡 Enriched ETHUSD: KER=0.95, BB_W=5.6572, RSI=7.9
2025-11-21 01:24:16,025 [INFO] [ws_manager]: 🛰️ WS Message: candlestick_1d
2025-11-21 01:24:16,026 [DEBUG] [feature_engine]: Updated BTCUSD 1d candle.
2025-11-21 01:24:16,027 [INFO] [ws_manager]: 🛰️ WS Message: candlestick_15m
2025-11-21 01:24:16,027 [DEBUG] [feature_engine]: Updated BTCUSD 15m candle.
2025-11-21 01:24:16,027 [INFO] [ws_manager]: 🛰️ WS Message: candlestick_1h
2025-11-21 01:24:16,028 [DEBUG] [feature_engine]: Updated BTCUSD 1h candle.
2025-11-21 01:24:16,028 [INFO] [ws_manager]: 🛰️ WS Message: candlestick_1m
2025-11-21 01:24:16,029 [DEBUG] [feature_engine]: Updated BTCUSD 1m candle.
2025-11-21 01:24:16,030 [INFO] [ws_manager]: 🛰️ WS Message: candlestick_4h
2025-11-21 01:24:16,031 [INFO] [ws_manager]: 🛰️ WS Message: candlestick_5m
2025-11-21 01:24:16,032 [INFO] [ws_manager]: 🛰️ WS Message: candlestick_15m
2025-11-21 01:24:16,033 [INFO] [feature_engine]: 📡 Enriched ETHUSD: KER=0.95, BB_W=5.6572, RSI=7.9
2025-11-21 01:24:16,033 [DEBUG] [feature_engine]: Updated BTCUSD 4h candle.
2025-11-21 01:24:16,033 [DEBUG] [feature_engine]: Updated BTCUSD 5m candle.
2025-11-21 01:24:16,033 [DEBUG] [feature_engine]: Updated ETHUSD 15m candle.
2025-11-21 01:24:16,033 [INFO] [ws_manager]: 🛰️ WS Message: candlestick_1h
2025-11-21 01:24:16,046 [DEBUG] [feature_engine]: Updated ETHUSD 1h candle.
2025-11-21 01:24:16,047 [INFO] [ws_manager]: 🛰️ WS Message: candlestick_1m
2025-11-21 01:24:16,047 [DEBUG] [feature_engine]: Updated ETHUSD 1m candle.
2025-11-21 01:24:16,047 [INFO] [ws_manager]: 🛰️ WS Message: candlestick_1d
2025-11-21 01:24:16,048 [DEBUG] [feature_engine]: Updated ETHUSD 1d candle.
2025-11-21 01:24:16,048 [INFO] [ws_manager]: 🛰️ WS Message: candlestick_5m
2025-11-21 01:24:16,049 [DEBUG] [feature_engine]: Updated ETHUSD 5m candle.
2025-11-21 01:24:16,049 [INFO] [ws_manager]: 🛰️ WS Message: candlestick_4h
2025-11-21 01:24:16,050 [DEBUG] [feature_engine]: Updated ETHUSD 4h candle.
2025-11-21 01:24:16,114 [INFO] [feature_engine]: 📡 Enriched ETHUSD: KER=0.95, BB_W=5.6572, RSI=7.9
2025-11-21 01:24:16,206 [INFO] [feature_engine]: 📡 Enriched ETHUSD: KER=0.95, BB_W=5.6572, RSI=7.9
2025-11-21 01:24:16,219 [INFO] [feature_engine]: 📡 Enriched BTCUSD: KER=0.96, BB_W=5.3186, RSI=6.4
2025-11-21 01:24:16,246 [INFO] [feature_engine]: 📡 Enriched ETHUSD: KER=0.95, BB_W=5.6572, RSI=7.9
2025-11-21 01:24:16,275 [INFO] [feature_engine]: 📡 Enriched BTCUSD: KER=0.96, BB_W=5.3186, RSI=6.4
2025-11-21 01:24:16,328 [INFO] [feature_engine]: 📡 Enriched BTCUSD: KER=0.96, BB_W=5.3186, RSI=6.4
2025-11-21 01:24:16,343 [INFO] [feature_engine]: 📡 Enriched ETHUSD: KER=0.95, BB_W=5.6572, RSI=7.9
2025-11-21 01:24:16,431 [INFO] [feature_engine]: 📡 Enriched BTCUSD: KER=0.96, BB_W=5.3186, RSI=6.4
2025-11-21 01:24:16,445 [INFO] [feature_engine]: 📡 Enriched ETHUSD: KER=0.95, BB_W=5.6572, RSI=7.9
2025-11-21 01:24:16,470 [INFO] [feature_engine]: 📡 Enriched BTCUSD: KER=0.96, BB_W=5.3186, RSI=6.4
2025-11-21 01:24:16,484 [INFO] [feature_engine]: 📡 Enriched ETHUSD: KER=0.95, BB_W=5.6572, RSI=7.9
2025-11-21 01:24:16,498 [INFO] [feature_engine]: 📡 Enriched BTCUSD: KER=0.96, BB_W=5.3186, RSI=6.4
2025-11-21 01:24:16,513 [INFO] [feature_engine]: 📡 Enriched BTCUSD: KER=0.96, BB_W=5.3186, RSI=6.4
2025-11-21 01:24:16,525 [INFO] [ws_manager]: 🛰️ WS Message: candlestick_1d
2025-11-21 01:24:16,525 [DEBUG] [feature_engine]: Updated BTCUSD 1d candle.
2025-11-21 01:24:16,526 [INFO] [ws_manager]: 🛰️ WS Message: candlestick_1d
2025-11-21 01:24:16,526 [DEBUG] [feature_engine]: Updated ETHUSD 1d candle.
2025-11-21 01:24:16,527 [INFO] [ws_manager]: 🛰️ WS Message: candlestick_15m
2025-11-21 01:24:16,528 [DEBUG] [feature_engine]: Updated BTCUSD 15m candle.
2025-11-21 01:24:16,528 [INFO] [ws_manager]: 🛰️ WS Message: candlestick_15m
2025-11-21 01:24:16,528 [DEBUG] [feature_engine]: Updated ETHUSD 15m candle.
2025-11-21 01:24:16,529 [INFO] [ws_manager]: 🛰️ WS Message: candlestick_1h
2025-11-21 01:24:16,530 [DEBUG] [feature_engine]: Updated BTCUSD 1h candle.
2025-11-21 01:24:16,530 [INFO] [ws_manager]: 🛰️ WS Message: candlestick_1m
2025-11-21 01:24:16,531 [DEBUG] [feature_engine]: Updated BTCUSD 1m candle.
2025-11-21 01:24:16,531 [INFO] [ws_manager]: 🛰️ WS Message: candlestick_1m
2025-11-21 01:24:16,531 [DEBUG] [feature_engine]: Updated ETHUSD 1m candle.
2025-11-21 01:24:16,533 [INFO] [ws_manager]: 🛰️ WS Message: candlestick_1h
2025-11-21 01:24:16,534 [DEBUG] [feature_engine]: Updated ETHUSD 1h candle.
2025-11-21 01:24:16,534 [INFO] [ws_manager]: 🛰️ WS Message: candlestick_4h
2025-11-21 01:24:16,534 [DEBUG] [feature_engine]: Updated ETHUSD 4h candle.
2025-11-21 01:24:16,535 [INFO] [ws_manager]: 🛰️ WS Message: candlestick_5m
2025-11-21 01:24:16,536 [DEBUG] [feature_engine]: Updated BTCUSD 5m candle.
2025-11-21 01:24:16,536 [INFO] [ws_manager]: 🛰️ WS Message: candlestick_4h
2025-11-21 01:24:16,536 [DEBUG] [feature_engine]: Updated BTCUSD 4h candle.
2025-11-21 01:24:16,536 [INFO] [ws_manager]: 🛰️ WS Message: candlestick_5m
2025-11-21 01:24:16,538 [DEBUG] [feature_engine]: Updated ETHUSD 5m candle.
2025-11-21 01:24:16,538 [INFO] [ws_manager]: 🛰️ WS Message: v2/spot_price
2025-11-21 01:24:16,556 [INFO] [ws_manager]: 🛰️ WS Message: v2/spot_price
2025-11-21 01:24:16,557 [INFO] [ws_manager]: 🛰️ WS Message: v2/spot_price
2025-11-21 01:24:16,567 [INFO] [feature_engine]: 📡 Enriched SOLUSD: KER=0.98, BB_W=6.3541, RSI=5.9
2025-11-21 01:24:16,599 [INFO] [feature_engine]: 📡 Enriched BTCUSD: KER=0.96, BB_W=5.3186, RSI=6.4
2025-11-21 01:24:16,624 [INFO] [feature_engine]: 📡 Enriched ETHUSD: KER=0.95, BB_W=5.6572, RSI=7.9
2025-11-21 01:24:16,647 [INFO] [feature_engine]: 📡 Enriched BTCUSD: KER=0.96, BB_W=5.3186, RSI=6.4
2025-11-21 01:24:16,673 [INFO] [feature_engine]: 📡 Enriched ETHUSD: KER=0.95, BB_W=5.6572, RSI=7.9
2025-11-21 01:24:16,690 [INFO] [feature_engine]: 📡 Enriched ETHUSD: KER=0.95, BB_W=5.6572, RSI=7.9
2025-11-21 01:24:16,786 [INFO] [feature_engine]: 📡 Enriched BTCUSD: KER=0.96, BB_W=5.3186, RSI=6.4
2025-11-21 01:24:16,801 [INFO] [feature_engine]: 📡 Enriched ETHUSD: KER=0.95, BB_W=5.6572, RSI=7.9
2025-11-21 01:24:16,886 [INFO] [feature_engine]: 📡 Enriched ETHUSD: KER=0.95, BB_W=5.6572, RSI=7.9
2025-11-21 01:24:16,914 [INFO] [feature_engine]: 📡 Enriched ETHUSD: KER=0.95, BB_W=5.6572, RSI=7.9
2025-11-21 01:24:16,978 [INFO] [feature_engine]: 📡 Enriched ETHUSD: KER=0.95, BB_W=5.6572, RSI=7.9
2025-11-21 01:24:17,025 [INFO] [feature_engine]: 📡 Enriched ETHUSD: KER=0.95, BB_W=5.6572, RSI=7.9
2025-11-21 01:24:17,026 [INFO] [ws_manager]: 🛰️ WS Message: candlestick_1d
2025-11-21 01:24:17,027 [DEBUG] [feature_engine]: Updated BTCUSD 1d candle.
2025-11-21 01:24:17,027 [INFO] [ws_manager]: 🛰️ WS Message: candlestick_1d
2025-11-21 01:24:17,027 [DEBUG] [feature_engine]: Updated ETHUSD 1d candle.
2025-11-21 01:24:17,028 [INFO] [ws_manager]: 🛰️ WS Message: candlestick_1h
2025-11-21 01:24:17,028 [DEBUG] [feature_engine]: Updated ETHUSD 1h candle.
2025-11-21 01:24:17,028 [INFO] [ws_manager]: 🛰️ WS Message: candlestick_1m
2025-11-21 01:24:17,029 [DEBUG] [feature_engine]: Updated ETHUSD 1m candle.
2025-11-21 01:24:17,030 [INFO] [ws_manager]: 🛰️ WS Message: candlestick_5m
2025-11-21 01:24:17,031 [DEBUG] [feature_engine]: Updated BTCUSD 5m candle.
2025-11-21 01:24:17,031 [INFO] [ws_manager]: 🛰️ WS Message: candlestick_15m
2025-11-21 01:24:17,032 [DEBUG] [feature_engine]: Updated ETHUSD 15m candle.
2025-11-21 01:24:17,032 [INFO] [ws_manager]: 🛰️ WS Message: candlestick_1m
2025-11-21 01:24:17,033 [DEBUG] [feature_engine]: Updated BTCUSD 1m candle.
2025-11-21 01:24:17,033 [INFO] [ws_manager]: 🛰️ WS Message: candlestick_15m
2025-11-21 01:24:17,034 [DEBUG] [feature_engine]: Updated BTCUSD 15m candle.
2025-11-21 01:24:17,034 [INFO] [ws_manager]: 🛰️ WS Message: candlestick_4h
2025-11-21 01:24:17,035 [DEBUG] [feature_engine]: Updated ETHUSD 4h candle.
2025-11-21 01:24:17,035 [INFO] [ws_manager]: 🛰️ WS Message: candlestick_4h
2025-11-21 01:24:17,035 [DEBUG] [feature_engine]: Updated BTCUSD 4h candle.
2025-11-21 01:24:17,038 [INFO] [ws_manager]: 🛰️ WS Message: candlestick_1h
2025-11-21 01:24:17,038 [DEBUG] [feature_engine]: Updated BTCUSD 1h candle.
2025-11-21 01:24:17,039 [INFO] [ws_manager]: 🛰️ WS Message: candlestick_5m
2025-11-21 01:24:17,040 [DEBUG] [feature_engine]: Updated ETHUSD 5m candle.
2025-11-21 01:24:17,053 [INFO] [feature_engine]: 📡 Enriched BTCUSD: KER=0.96, BB_W=5.3186, RSI=6.4
2025-11-21 01:24:17,069 [INFO] [feature_engine]: 📡 Enriched BTCUSD: KER=0.96, BB_W=5.3186, RSI=6.4
2025-11-21 01:24:17,084 [INFO] [feature_engine]: 📡 Enriched BTCUSD: KER=0.96, BB_W=5.3186, RSI=6.4
2025-11-21 01:24:17,099 [INFO] [feature_engine]: 📡 Enriched BTCUSD: KER=0.96, BB_W=5.3186, RSI=6.4
2025-11-21 01:24:17,142 [INFO] [feature_engine]: 📡 Enriched ETHUSD: KER=0.95, BB_W=5.6572, RSI=7.9
2025-11-21 01:24:17,158 [INFO] [feature_engine]: 📡 Enriched BTCUSD: KER=0.96, BB_W=5.3186, RSI=6.4
2025-11-21 01:24:17,172 [INFO] [feature_engine]: 📡 Enriched ETHUSD: KER=0.95, BB_W=5.6572, RSI=7.9
2025-11-21 01:24:17,176 [INFO] [feature_engine]: 📡 Enriched ETHUSD: KER=0.95, BB_W=5.6572, RSI=7.9
2025-11-21 01:24:17,202 [INFO] [feature_engine]: 📡 Enriched ETHUSD: KER=0.95, BB_W=5.6572, RSI=7.9
2025-11-21 01:24:17,249 [INFO] [feature_engine]: 📡 Enriched ETHUSD: KER=0.95, BB_W=5.6572, RSI=7.9
2025-11-21 01:24:17,268 [INFO] [feature_engine]: 📡 Enriched BTCUSD: KER=0.96, BB_W=5.3186, RSI=6.4
2025-11-21 01:24:17,315 [INFO] [feature_engine]: 📡 Enriched ETHUSD: KER=0.95, BB_W=5.6572, RSI=7.9
2025-11-21 01:24:17,344 [INFO] [feature_engine]: 📡 Enriched SOLUSD: KER=0.98, BB_W=6.3541, RSI=5.9
2025-11-21 01:24:17,374 [INFO] [feature_engine]: 📡 Enriched ETHUSD: KER=0.95, BB_W=5.6572, RSI=7.9
2025-11-21 01:24:17,409 [INFO] [feature_engine]: 📡 Enriched SOLUSD: KER=0.98, BB_W=6.3541, RSI=5.9
2025-11-21 01:24:17,482 [INFO] [feature_engine]: 📡 Enriched ETHUSD: KER=0.95, BB_W=5.6572, RSI=7.9
2025-11-21 01:24:17,497 [INFO] [feature_engine]: 📡 Enriched BTCUSD: KER=0.96, BB_W=5.3186, RSI=6.4
2025-11-21 01:24:17,501 [INFO] [feature_engine]: 📡 Enriched SOLUSD: KER=0.98, BB_W=6.3541, RSI=5.9
2025-11-21 01:24:17,525 [INFO] [ws_manager]: 🛰️ WS Message: candlestick_15m
2025-11-21 01:24:17,526 [DEBUG] [feature_engine]: Updated BTCUSD 15m candle.
2025-11-21 01:24:17,526 [INFO] [ws_manager]: 🛰️ WS Message: candlestick_15m
2025-11-21 01:24:17,527 [DEBUG] [feature_engine]: Updated ETHUSD 15m candle.
2025-11-21 01:24:17,527 [INFO] [ws_manager]: 🛰️ WS Message: candlestick_1h
2025-11-21 01:24:17,528 [DEBUG] [feature_engine]: Updated BTCUSD 1h candle.
2025-11-21 01:24:17,528 [INFO] [ws_manager]: 🛰️ WS Message: candlestick_1m
2025-11-21 01:24:17,529 [DEBUG] [feature_engine]: Updated BTCUSD 1m candle.
2025-11-21 01:24:17,531 [INFO] [ws_manager]: 🛰️ WS Message: candlestick_5m
2025-11-21 01:24:17,531 [DEBUG] [feature_engine]: Updated ETHUSD 5m candle.
2025-11-21 01:24:17,532 [INFO] [ws_manager]: 🛰️ WS Message: candlestick_4h
2025-11-21 01:24:17,532 [DEBUG] [feature_engine]: Updated BTCUSD 4h candle.
2025-11-21 01:24:17,532 [INFO] [ws_manager]: 🛰️ WS Message: candlestick_4h
2025-11-21 01:24:17,533 [DEBUG] [feature_engine]: Updated ETHUSD 4h candle.
2025-11-21 01:24:17,533 [INFO] [ws_manager]: 🛰️ WS Message: candlestick_1d
2025-11-21 01:24:17,533 [DEBUG] [feature_engine]: Updated ETHUSD 1d candle.
2025-11-21 01:24:17,534 [INFO] [ws_manager]: 🛰️ WS Message: candlestick_5m
2025-11-21 01:24:17,534 [DEBUG] [feature_engine]: Updated BTCUSD 5m candle.
2025-11-21 01:24:17,534 [INFO] [ws_manager]: 🛰️ WS Message: candlestick_1h
2025-11-21 01:24:17,535 [DEBUG] [feature_engine]: Updated ETHUSD 1h candle.
2025-11-21 01:24:17,535 [INFO] [ws_manager]: 🛰️ WS Message: candlestick_1m
2025-11-21 01:24:17,535 [DEBUG] [feature_engine]: Updated ETHUSD 1m candle.
2025-11-21 01:24:17,539 [INFO] [ws_manager]: 🛰️ WS Message: candlestick_1d
2025-11-21 01:24:17,540 [DEBUG] [feature_engine]: Updated BTCUSD 1d candle.
2025-11-21 01:24:17,540 [INFO] [ws_manager]: 🛰️ WS Message: v2/spot_price
2025-11-21 01:24:17,549 [INFO] [ws_manager]: 🛰️ WS Message: v2/spot_price
2025-11-21 01:24:17,550 [INFO] [ws_manager]: 🛰️ WS Message: v2/spot_price
2025-11-21 01:24:17,600 [INFO] [feature_engine]: 📡 Enriched ETHUSD: KER=0.95, BB_W=5.6572, RSI=7.9
2025-11-21 01:24:17,615 [INFO] [feature_engine]: 📡 Enriched BTCUSD: KER=0.96, BB_W=5.3186, RSI=6.4
2025-11-21 01:24:17,618 [INFO] [feature_engine]: 📡 Enriched BTCUSD: KER=0.96, BB_W=5.3186, RSI=6.4
2025-11-21 01:24:17,708 [INFO] [feature_engine]: 📡 Enriched ETHUSD: KER=0.95, BB_W=5.6572, RSI=7.9
2025-11-21 01:24:17,735 [INFO] [feature_engine]: 📡 Enriched BTCUSD: KER=0.96, BB_W=5.3186, RSI=6.4
2025-11-21 01:24:17,811 [INFO] [feature_engine]: 📡 Enriched BTCUSD: KER=0.96, BB_W=5.3186, RSI=6.4
2025-11-21 01:24:17,835 [INFO] [feature_engine]: 📡 Enriched BTCUSD: KER=0.96, BB_W=5.3186, RSI=6.4
2025-11-21 01:24:17,851 [INFO] [feature_engine]: 📡 Enriched BTCUSD: KER=0.96, BB_W=5.3186, RSI=6.4
2025-11-21 01:24:17,864 [INFO] [feature_engine]: 📡 Enriched ETHUSD: KER=0.95, BB_W=5.6572, RSI=7.9
2025-11-21 01:24:17,953 [INFO] [feature_engine]: 📡 Enriched BTCUSD: KER=0.96, BB_W=5.3186, RSI=6.4
2025-11-21 01:24:17,956 [INFO] [ws_manager]: 🛰️ WS Message: v2/ticker
2025-11-21 01:24:17,970 [INFO] [feature_engine]: 📡 Enriched ETHUSD: KER=0.95, BB_W=5.6572, RSI=7.9
2025-11-21 01:24:17,971 [DEBUG] [feature_engine]: Ticker for SOLUSD received and ignored.
2025-11-21 01:24:18,029 [INFO] [ws_manager]: 🛰️ WS Message: candlestick_15m
2025-11-21 01:24:18,030 [INFO] [ws_manager]: 🛰️ WS Message: candlestick_1m
2025-11-21 01:24:18,031 [INFO] [ws_manager]: 🛰️ WS Message: candlestick_1d
2025-11-21 01:24:18,032 [INFO] [feature_engine]: 📡 Enriched BTCUSD: KER=0.96, BB_W=5.3186, RSI=6.4
2025-11-21 01:24:18,032 [DEBUG] [feature_engine]: Updated BTCUSD 15m candle.
2025-11-21 01:24:18,032 [DEBUG] [feature_engine]: Updated BTCUSD 1m candle.
2025-11-21 01:24:18,032 [DEBUG] [feature_engine]: Updated BTCUSD 1d candle.
2025-11-21 01:24:18,045 [INFO] [ws_manager]: 🛰️ WS Message: candlestick_1h
2025-11-21 01:24:18,045 [DEBUG] [feature_engine]: Updated BTCUSD 1h candle.
2025-11-21 01:24:18,045 [INFO] [ws_manager]: 🛰️ WS Message: candlestick_4h
2025-11-21 01:24:18,046 [DEBUG] [feature_engine]: Updated BTCUSD 4h candle.
2025-11-21 01:24:18,046 [INFO] [ws_manager]: 🛰️ WS Message: candlestick_5m
2025-11-21 01:24:18,046 [DEBUG] [feature_engine]: Updated BTCUSD 5m candle.
2025-11-21 01:24:18,047 [INFO] [ws_manager]: 🛰️ WS Message: candlestick_15m
2025-11-21 01:24:18,047 [DEBUG] [feature_engine]: Updated ETHUSD 15m candle.
2025-11-21 01:24:18,047 [INFO] [ws_manager]: 🛰️ WS Message: candlestick_1m
2025-11-21 01:24:18,048 [DEBUG] [feature_engine]: Updated ETHUSD 1m candle.
2025-11-21 01:24:18,048 [INFO] [ws_manager]: 🛰️ WS Message: candlestick_1d
2025-11-21 01:24:18,049 [DEBUG] [feature_engine]: Updated ETHUSD 1d candle.
2025-11-21 01:24:18,049 [INFO] [ws_manager]: 🛰️ WS Message: candlestick_4h
2025-11-21 01:24:18,049 [DEBUG] [feature_engine]: Updated ETHUSD 4h candle.
2025-11-21 01:24:18,050 [INFO] [ws_manager]: 🛰️ WS Message: candlestick_5m
2025-11-21 01:24:18,050 [DEBUG] [feature_engine]: Updated ETHUSD 5m candle.
2025-11-21 01:24:18,050 [INFO] [ws_manager]: 🛰️ WS Message: candlestick_1h
2025-11-21 01:24:18,051 [DEBUG] [feature_engine]: Updated ETHUSD 1h candle.
2025-11-21 01:24:18,056 [INFO] [feature_engine]: 📡 Enriched ETHUSD: KER=0.95, BB_W=5.6572, RSI=7.9
2025-11-21 01:24:18,067 [INFO] [ws_manager]: 🛰️ WS Message: v2/ticker
2025-11-21 01:24:18,068 [DEBUG] [feature_engine]: Ticker for ETHUSD received and ignored.
2025-11-21 01:24:18,081 [INFO] [feature_engine]: 📡 Enriched ETHUSD: KER=0.95, BB_W=5.6572, RSI=7.9
2025-11-21 01:24:18,097 [INFO] [feature_engine]: 📡 Enriched ETHUSD: KER=0.95, BB_W=5.6572, RSI=7.9
2025-11-21 01:24:18,158 [INFO] [ws_manager]: 🛰️ WS Message: v2/ticker
2025-11-21 01:24:18,159 [DEBUG] [feature_engine]: Ticker for BTCUSD received and ignored.
2025-11-21 01:24:18,180 [INFO] [feature_engine]: 📡 Enriched SOLUSD: KER=0.98, BB_W=6.3541, RSI=5.9
2025-11-21 01:24:18,200 [INFO] [feature_engine]: 📡 Enriched ETHUSD: KER=0.95, BB_W=5.6572, RSI=7.9
2025-11-21 01:24:18,205 [INFO] [feature_engine]: 📡 Enriched BTCUSD: KER=0.96, BB_W=5.3186, RSI=6.4
2025-11-21 01:24:18,274 [INFO] [feature_engine]: 📡 Enriched SOLUSD: KER=0.98, BB_W=6.3541, RSI=5.9
2025-11-21 01:24:18,303 [INFO] [feature_engine]: 📡 Enriched BTCUSD: KER=0.96, BB_W=5.3186, RSI=6.4
2025-11-21 01:24:18,319 [INFO] [feature_engine]: 📡 Enriched ETHUSD: KER=0.95, BB_W=5.6572, RSI=7.9
2025-11-21 01:24:18,475 [INFO] [feature_engine]: 📡 Enriched ETHUSD: KER=0.95, BB_W=5.6572, RSI=7.9
2025-11-21 01:24:18,499 [INFO] [feature_engine]: 📡 Enriched SOLUSD: KER=0.98, BB_W=6.3541, RSI=5.9
2025-11-21 01:24:18,502 [INFO] [feature_engine]: 📡 Enriched BTCUSD: KER=0.96, BB_W=5.3186, RSI=6.4
2025-11-21 01:24:18,526 [INFO] [ws_manager]: 🛰️ WS Message: candlestick_1d
2025-11-21 01:24:18,526 [DEBUG] [feature_engine]: Updated BTCUSD 1d candle.
2025-11-21 01:24:18,529 [INFO] [ws_manager]: 🛰️ WS Message: candlestick_15m
2025-11-21 01:24:18,530 [INFO] [ws_manager]: 🛰️ WS Message: candlestick_1d
2025-11-21 01:24:18,531 [INFO] [feature_engine]: 📡 Enriched BTCUSD: KER=0.96, BB_W=5.3186, RSI=6.4
2025-11-21 01:24:18,531 [DEBUG] [feature_engine]: Updated BTCUSD 15m candle.
2025-11-21 01:24:18,531 [DEBUG] [feature_engine]: Updated ETHUSD 1d candle.
2025-11-21 01:24:18,544 [INFO] [ws_manager]: 🛰️ WS Message: candlestick_15m
2025-11-21 01:24:18,545 [INFO] [ws_manager]: 🛰️ WS Message: candlestick_1h
2025-11-21 01:24:18,546 [INFO] [ws_manager]: 🛰️ WS Message: candlestick_1m
2025-11-21 01:24:18,547 [INFO] [feature_engine]: 📡 Enriched ETHUSD: KER=0.95, BB_W=5.6572, RSI=7.9
2025-11-21 01:24:18,547 [DEBUG] [feature_engine]: Updated ETHUSD 15m candle.
2025-11-21 01:24:18,547 [DEBUG] [feature_engine]: Updated ETHUSD 1h candle.
2025-11-21 01:24:18,547 [DEBUG] [feature_engine]: Updated BTCUSD 1m candle.
2025-11-21 01:24:18,547 [INFO] [ws_manager]: 🛰️ WS Message: candlestick_5m
2025-11-21 01:24:18,559 [DEBUG] [feature_engine]: Updated ETHUSD 5m candle.
2025-11-21 01:24:18,559 [INFO] [ws_manager]: 🛰️ WS Message: candlestick_1m
2025-11-21 01:24:18,560 [DEBUG] [feature_engine]: Updated ETHUSD 1m candle.
2025-11-21 01:24:18,560 [INFO] [ws_manager]: 🛰️ WS Message: candlestick_1h
2025-11-21 01:24:18,560 [DEBUG] [feature_engine]: Updated BTCUSD 1h candle.
2025-11-21 01:24:18,560 [INFO] [ws_manager]: 🛰️ WS Message: candlestick_5m
2025-11-21 01:24:18,561 [DEBUG] [feature_engine]: Updated BTCUSD 5m candle.
2025-11-21 01:24:18,561 [INFO] [ws_manager]: 🛰️ WS Message: candlestick_4h
2025-11-21 01:24:18,561 [DEBUG] [feature_engine]: Updated BTCUSD 4h candle.
2025-11-21 01:24:18,562 [INFO] [ws_manager]: 🛰️ WS Message: candlestick_4h
2025-11-21 01:24:18,562 [DEBUG] [feature_engine]: Updated ETHUSD 4h candle.
2025-11-21 01:24:18,562 [INFO] [ws_manager]: 🛰️ WS Message: v2/spot_price
2025-11-21 01:24:18,563 [INFO] [ws_manager]: 🛰️ WS Message: v2/spot_price
2025-11-21 01:24:18,563 [INFO] [ws_manager]: 🛰️ WS Message: v2/spot_price
2025-11-21 01:24:18,591 [INFO] [feature_engine]: 📡 Enriched BTCUSD: KER=0.96, BB_W=5.3186, RSI=6.4
2025-11-21 01:24:18,640 [INFO] [feature_engine]: 📡 Enriched ETHUSD: KER=0.95, BB_W=5.6572, RSI=7.9
2025-11-21 01:24:18,665 [INFO] [feature_engine]: 📡 Enriched BTCUSD: KER=0.96, BB_W=5.3186, RSI=6.4
2025-11-21 01:24:18,678 [INFO] [feature_engine]: 📡 Enriched BTCUSD: KER=0.96, BB_W=5.3186, RSI=6.4
2025-11-21 01:24:18,709 [INFO] [feature_engine]: 📡 Enriched SOLUSD: KER=0.98, BB_W=6.3541, RSI=5.9
2025-11-21 01:24:18,763 [INFO] [feature_engine]: 📡 Enriched ETHUSD: KER=0.95, BB_W=5.6572, RSI=7.9
2025-11-21 01:24:18,776 [INFO] [feature_engine]: 📡 Enriched BTCUSD: KER=0.96, BB_W=5.3186, RSI=6.4
2025-11-21 01:24:18,796 [INFO] [feature_engine]: 📡 Enriched ETHUSD: KER=0.95, BB_W=5.6572, RSI=7.9
2025-11-21 01:24:18,868 [INFO] [feature_engine]: 📡 Enriched BTCUSD: KER=0.96, BB_W=5.3186, RSI=6.4
2025-11-21 01:24:18,883 [INFO] [feature_engine]: 📡 Enriched SOLUSD: KER=0.98, BB_W=6.3541, RSI=5.9
2025-11-21 01:24:18,909 [INFO] [feature_engine]: 📡 Enriched ETHUSD: KER=0.95, BB_W=5.6572, RSI=7.9
2025-11-21 01:24:18,922 [INFO] [feature_engine]: 📡 Enriched SOLUSD: KER=0.98, BB_W=6.3541, RSI=5.9
2025-11-21 01:24:18,935 [INFO] [feature_engine]: 📡 Enriched ETHUSD: KER=0.95, BB_W=5.6572, RSI=7.9
2025-11-21 01:24:18,948 [INFO] [feature_engine]: 📡 Enriched SOLUSD: KER=0.98, BB_W=6.3541, RSI=5.9
2025-11-21 01:24:18,962 [INFO] [feature_engine]: 📡 Enriched BTCUSD: KER=0.96, BB_W=5.3186, RSI=6.4
2025-11-21 01:24:19,000 [INFO] [feature_engine]: 📡 Enriched BTCUSD: KER=0.96, BB_W=5.3186, RSI=6.4
2025-11-21 01:24:19,010 [INFO] [feature_engine]: 📡 Enriched SOLUSD: KER=0.98, BB_W=6.3541, RSI=5.9
2025-11-21 01:24:19,024 [INFO] [ws_manager]: 🛰️ WS Message: candlestick_15m
2025-11-21 01:24:19,025 [DEBUG] [feature_engine]: Updated SOLUSD 15m candle.
2025-11-21 01:24:19,026 [INFO] [ws_manager]: 🛰️ WS Message: candlestick_15m
2025-11-21 01:24:19,027 [DEBUG] [feature_engine]: Updated BTCUSD 15m candle.
2025-11-21 01:24:19,028 [INFO] [ws_manager]: 🛰️ WS Message: candlestick_1m
2025-11-21 01:24:19,029 [DEBUG] [feature_engine]: Updated ETHUSD 1m candle.
2025-11-21 01:24:19,029 [INFO] [ws_manager]: 🛰️ WS Message: candlestick_1d
2025-11-21 01:24:19,029 [DEBUG] [feature_engine]: Updated SOLUSD 1d candle.
2025-11-21 01:24:19,030 [INFO] [ws_manager]: 🛰️ WS Message: candlestick_15m
2025-11-21 01:24:19,031 [DEBUG] [feature_engine]: Updated ETHUSD 15m candle.
2025-11-21 01:24:19,031 [INFO] [ws_manager]: 🛰️ WS Message: candlestick_1d
2025-11-21 01:24:19,032 [DEBUG] [feature_engine]: Updated BTCUSD 1d candle.
2025-11-21 01:24:19,032 [INFO] [ws_manager]: 🛰️ WS Message: candlestick_1h
2025-11-21 01:24:19,033 [DEBUG] [feature_engine]: Updated BTCUSD 1h candle.
2025-11-21 01:24:19,035 [INFO] [ws_manager]: 🛰️ WS Message: candlestick_1d
2025-11-21 01:24:19,036 [DEBUG] [feature_engine]: Updated ETHUSD 1d candle.
2025-11-21 01:24:19,036 [INFO] [ws_manager]: 🛰️ WS Message: candlestick_1m
2025-11-21 01:24:19,037 [DEBUG] [feature_engine]: Updated BTCUSD 1m candle.
2025-11-21 01:24:19,038 [INFO] [ws_manager]: 🛰️ WS Message: candlestick_1m
2025-11-21 01:24:19,038 [DEBUG] [feature_engine]: Updated SOLUSD 1m candle.
2025-11-21 01:24:19,039 [INFO] [ws_manager]: 🛰️ WS Message: candlestick_1h
2025-11-21 01:24:19,039 [DEBUG] [feature_engine]: Updated ETHUSD 1h candle.
2025-11-21 01:24:19,040 [INFO] [ws_manager]: 🛰️ WS Message: candlestick_1h
2025-11-21 01:24:19,040 [DEBUG] [feature_engine]: Updated SOLUSD 1h candle.
2025-11-21 01:24:19,040 [INFO] [ws_manager]: 🛰️ WS Message: candlestick_4h
2025-11-21 01:24:19,041 [DEBUG] [feature_engine]: Updated ETHUSD 4h candle.
2025-11-21 01:24:19,041 [INFO] [ws_manager]: 🛰️ WS Message: candlestick_5m
2025-11-21 01:24:19,042 [DEBUG] [feature_engine]: Updated ETHUSD 5m candle.
2025-11-21 01:24:19,042 [INFO] [ws_manager]: 🛰️ WS Message: candlestick_5m
2025-11-21 01:24:19,043 [DEBUG] [feature_engine]: Updated BTCUSD 5m candle.
2025-11-21 01:24:19,043 [INFO] [ws_manager]: 🛰️ WS Message: candlestick_4h
2025-11-21 01:24:19,043 [DEBUG] [feature_engine]: Updated SOLUSD 4h candle.
2025-11-21 01:24:19,044 [INFO] [ws_manager]: 🛰️ WS Message: candlestick_4h
2025-11-21 01:24:19,044 [DEBUG] [feature_engine]: Updated BTCUSD 4h candle.
2025-11-21 01:24:19,045 [INFO] [ws_manager]: 🛰️ WS Message: candlestick_5m
2025-11-21 01:24:19,045 [DEBUG] [feature_engine]: Updated SOLUSD 5m candle.
2025-11-21 01:24:19,066 [INFO] [feature_engine]: 📡 Enriched ETHUSD: KER=0.95, BB_W=5.6572, RSI=7.9
2025-11-21 01:24:19,085 [INFO] [feature_engine]: 📡 Enriched BTCUSD: KER=0.96, BB_W=5.3186, RSI=6.4
2025-11-21 01:24:19,110 [INFO] [feature_engine]: 📡 Enriched BTCUSD: KER=0.96, BB_W=5.3186, RSI=6.4
2025-11-21 01:24:19,116 [INFO] [feature_engine]: 📡 Enriched SOLUSD: KER=0.98, BB_W=6.3541, RSI=5.9
2025-11-21 01:24:19,143 [INFO] [feature_engine]: 📡 Enriched ETHUSD: KER=0.95, BB_W=5.6572, RSI=7.9
2025-11-21 01:24:19,186 [INFO] [feature_engine]: 📡 Enriched ETHUSD: KER=0.95, BB_W=5.6572, RSI=7.9
2025-11-21 01:24:19,227 [INFO] [feature_engine]: 📡 Enriched BTCUSD: KER=0.96, BB_W=5.3186, RSI=6.4
2025-11-21 01:24:19,241 [INFO] [feature_engine]: 📡 Enriched ETHUSD: KER=0.95, BB_W=5.6572, RSI=7.9
2025-11-21 01:24:19,339 [INFO] [feature_engine]: 📡 Enriched ETHUSD: KER=0.95, BB_W=5.6572, RSI=7.9
2025-11-21 01:24:19,364 [INFO] [feature_engine]: 📡 Enriched SOLUSD: KER=0.98, BB_W=6.3541, RSI=5.9
2025-11-21 01:24:19,451 [INFO] [feature_engine]: 📡 Enriched SOLUSD: KER=0.98, BB_W=6.3541, RSI=5.9
2025-11-21 01:24:19,464 [INFO] [feature_engine]: 📡 Enriched SOLUSD: KER=0.98, BB_W=6.3541, RSI=5.9
2025-11-21 01:24:19,476 [INFO] [feature_engine]: 📡 Enriched SOLUSD: KER=0.98, BB_W=6.3541, RSI=5.9
2025-11-21 01:24:19,536 [INFO] [ws_manager]: 🛰️ WS Message: v2/spot_price
2025-11-21 01:24:19,537 [INFO] [ws_manager]: 🛰️ WS Message: candlestick_1m
2025-11-21 01:24:19,537 [DEBUG] [feature_engine]: Updated SOLUSD 1m candle.
2025-11-21 01:24:19,539 [INFO] [ws_manager]: 🛰️ WS Message: candlestick_4h
2025-11-21 01:24:19,540 [DEBUG] [feature_engine]: Updated SOLUSD 4h candle.
2025-11-21 01:24:19,540 [INFO] [ws_manager]: 🛰️ WS Message: candlestick_15m
2025-11-21 01:24:19,541 [DEBUG] [feature_engine]: Updated ETHUSD 15m candle.
2025-11-21 01:24:19,541 [INFO] [ws_manager]: 🛰️ WS Message: candlestick_1d
2025-11-21 01:24:19,542 [DEBUG] [feature_engine]: Updated BTCUSD 1d candle.
2025-11-21 01:24:19,542 [INFO] [ws_manager]: 🛰️ WS Message: candlestick_1h
2025-11-21 01:24:19,543 [DEBUG] [feature_engine]: Updated BTCUSD 1h candle.
2025-11-21 01:24:19,543 [INFO] [ws_manager]: 🛰️ WS Message: candlestick_4h
2025-11-21 01:24:19,544 [DEBUG] [feature_engine]: Updated ETHUSD 4h candle.
2025-11-21 01:24:19,544 [INFO] [ws_manager]: 🛰️ WS Message: candlestick_1h
2025-11-21 01:24:19,545 [DEBUG] [feature_engine]: Updated SOLUSD 1h candle.
2025-11-21 01:24:19,545 [INFO] [ws_manager]: 🛰️ WS Message: candlestick_5m
2025-11-21 01:24:19,545 [DEBUG] [feature_engine]: Updated SOLUSD 5m candle.
2025-11-21 01:24:19,546 [INFO] [ws_manager]: 🛰️ WS Message: candlestick_1h
2025-11-21 01:24:19,546 [DEBUG] [feature_engine]: Updated ETHUSD 1h candle.
2025-11-21 01:24:19,546 [INFO] [ws_manager]: 🛰️ WS Message: v2/spot_price
2025-11-21 01:24:19,547 [INFO] [ws_manager]: 🛰️ WS Message: candlestick_5m
2025-11-21 01:24:19,548 [DEBUG] [feature_engine]: Updated BTCUSD 5m candle.
2025-11-21 01:24:19,548 [INFO] [ws_manager]: 🛰️ WS Message: candlestick_5m
2025-11-21 01:24:19,549 [DEBUG] [feature_engine]: Updated ETHUSD 5m candle.
2025-11-21 01:24:19,549 [INFO] [ws_manager]: 🛰️ WS Message: candlestick_1d
2025-11-21 01:24:19,549 [DEBUG] [feature_engine]: Updated SOLUSD 1d candle.
2025-11-21 01:24:19,550 [INFO] [ws_manager]: 🛰️ WS Message: candlestick_1d
2025-11-21 01:24:19,550 [DEBUG] [feature_engine]: Updated ETHUSD 1d candle.
2025-11-21 01:24:19,550 [INFO] [ws_manager]: 🛰️ WS Message: candlestick_15m
2025-11-21 01:24:19,551 [DEBUG] [feature_engine]: Updated SOLUSD 15m candle.
2025-11-21 01:24:19,551 [INFO] [ws_manager]: 🛰️ WS Message: candlestick_1m
2025-11-21 01:24:19,551 [DEBUG] [feature_engine]: Updated ETHUSD 1m candle.
2025-11-21 01:24:19,552 [INFO] [ws_manager]: 🛰️ WS Message: candlestick_1m
2025-11-21 01:24:19,553 [DEBUG] [feature_engine]: Updated BTCUSD 1m candle.
2025-11-21 01:24:19,553 [INFO] [ws_manager]: 🛰️ WS Message: candlestick_15m
2025-11-21 01:24:19,554 [DEBUG] [feature_engine]: Updated BTCUSD 15m candle.
2025-11-21 01:24:19,554 [INFO] [ws_manager]: 🛰️ WS Message: candlestick_4h
2025-11-21 01:24:19,555 [DEBUG] [feature_engine]: Updated BTCUSD 4h candle.
2025-11-21 01:24:19,559 [INFO] [feature_engine]: 📡 Enriched SOLUSD: KER=0.98, BB_W=6.3541, RSI=5.9
2025-11-21 01:24:19,571 [INFO] [ws_manager]: 🛰️ WS Message: v2/spot_price
2025-11-21 01:24:19,585 [INFO] [feature_engine]: 📡 Enriched BTCUSD: KER=0.96, BB_W=5.3186, RSI=6.4
2025-11-21 01:24:19,609 [INFO] [feature_engine]: 📡 Enriched BTCUSD: KER=0.96, BB_W=5.3186, RSI=6.4
2025-11-21 01:24:19,646 [INFO] [feature_engine]: 📡 Enriched ETHUSD: KER=0.95, BB_W=5.6572, RSI=7.9
2025-11-21 01:24:19,666 [INFO] [feature_engine]: 📡 Enriched SOLUSD: KER=0.98, BB_W=6.3541, RSI=5.9
2025-11-21 01:24:19,697 [INFO] [feature_engine]: 📡 Enriched BTCUSD: KER=0.96, BB_W=5.3186, RSI=6.4
2025-11-21 01:24:19,711 [INFO] [feature_engine]: 📡 Enriched ETHUSD: KER=0.95, BB_W=5.6572, RSI=7.9
2025-11-21 01:24:19,807 [INFO] [feature_engine]: 📡 Enriched ETHUSD: KER=0.95, BB_W=5.6572, RSI=7.9
2025-11-21 01:24:19,835 [INFO] [feature_engine]: 📡 Enriched BTCUSD: KER=0.96, BB_W=5.3186, RSI=6.4
2025-11-21 01:24:19,924 [INFO] [feature_engine]: 📡 Enriched BTCUSD: KER=0.96, BB_W=5.3186, RSI=6.4
2025-11-21 01:24:19,990 [INFO] [feature_engine]: 📡 Enriched ETHUSD: KER=0.95, BB_W=5.6572, RSI=7.9
2025-11-21 01:24:20,025 [INFO] [ws_manager]: 🛰️ WS Message: candlestick_1h
2025-11-21 01:24:20,025 [DEBUG] [feature_engine]: Updated ETHUSD 1h candle.
2025-11-21 01:24:20,026 [INFO] [ws_manager]: 🛰️ WS Message: candlestick_1m
2025-11-21 01:24:20,027 [DEBUG] [feature_engine]: Updated ETHUSD 1m candle.
2025-11-21 01:24:20,027 [INFO] [ws_manager]: 🛰️ WS Message: candlestick_15m
2025-11-21 01:24:20,027 [DEBUG] [feature_engine]: Updated BTCUSD 15m candle.
2025-11-21 01:24:20,031 [INFO] [ws_manager]: 🛰️ WS Message: candlestick_15m
2025-11-21 01:24:20,032 [DEBUG] [feature_engine]: Updated ETHUSD 15m candle.
2025-11-21 01:24:20,034 [INFO] [ws_manager]: 🛰️ WS Message: candlestick_5m
2025-11-21 01:24:20,035 [INFO] [ws_manager]: 🛰️ WS Message: candlestick_1m
2025-11-21 01:24:20,036 [INFO] [ws_manager]: 🛰️ WS Message: candlestick_1d
2025-11-21 01:24:20,036 [INFO] [feature_engine]: 📡 Enriched BTCUSD: KER=0.96, BB_W=5.3186, RSI=6.4
2025-11-21 01:24:20,036 [DEBUG] [feature_engine]: Updated BTCUSD 5m candle.
2025-11-21 01:24:20,036 [DEBUG] [feature_engine]: Updated BTCUSD 1m candle.
2025-11-21 01:24:20,036 [DEBUG] [feature_engine]: Updated ETHUSD 1d candle.
2025-11-21 01:24:20,036 [INFO] [ws_manager]: 🛰️ WS Message: candlestick_1d
2025-11-21 01:24:20,048 [DEBUG] [feature_engine]: Updated BTCUSD 1d candle.
2025-11-21 01:24:20,049 [INFO] [ws_manager]: 🛰️ WS Message: candlestick_1h
2025-11-21 01:24:20,049 [DEBUG] [feature_engine]: Updated BTCUSD 1h candle.
2025-11-21 01:24:20,049 [INFO] [ws_manager]: 🛰️ WS Message: candlestick_5m
2025-11-21 01:24:20,050 [DEBUG] [feature_engine]: Updated ETHUSD 5m candle.
2025-11-21 01:24:20,050 [INFO] [ws_manager]: 🛰️ WS Message: candlestick_4h
2025-11-21 01:24:20,051 [DEBUG] [feature_engine]: Updated ETHUSD 4h candle.
2025-11-21 01:24:20,051 [INFO] [ws_manager]: 🛰️ WS Message: candlestick_4h
2025-11-21 01:24:20,052 [DEBUG] [feature_engine]: Updated BTCUSD 4h candle.
2025-11-21 01:24:20,066 [INFO] [feature_engine]: 📡 Enriched ETHUSD: KER=0.95, BB_W=5.6572, RSI=7.9
2025-11-21 01:24:20,080 [INFO] [feature_engine]: 📡 Enriched SOLUSD: KER=0.98, BB_W=6.3541, RSI=5.9
2025-11-21 01:24:20,104 [INFO] [feature_engine]: 📡 Enriched SOLUSD: KER=0.98, BB_W=6.3541, RSI=5.9
2025-11-21 01:24:20,154 [INFO] [feature_engine]: 📡 Enriched ETHUSD: KER=0.95, BB_W=5.6572, RSI=7.9
2025-11-21 01:24:20,169 [INFO] [feature_engine]: 📡 Enriched BTCUSD: KER=0.96, BB_W=5.3186, RSI=6.4
2025-11-21 01:24:20,199 [INFO] [feature_engine]: 📡 Enriched SOLUSD: KER=0.98, BB_W=6.3541, RSI=5.9
2025-11-21 01:24:20,273 [INFO] [feature_engine]: 📡 Enriched ETHUSD: KER=0.95, BB_W=5.6572, RSI=7.9
2025-11-21 01:24:20,303 [INFO] [feature_engine]: 📡 Enriched SOLUSD: KER=0.98, BB_W=6.3541, RSI=5.9
2025-11-21 01:24:20,385 [INFO] [feature_engine]: 📡 Enriched ETHUSD: KER=0.95, BB_W=5.6572, RSI=7.9
2025-11-21 01:24:20,389 [INFO] [feature_engine]: 📡 Enriched BTCUSD: KER=0.96, BB_W=5.3186, RSI=6.4
2025-11-21 01:24:20,502 [INFO] [feature_engine]: 📡 Enriched ETHUSD: KER=0.95, BB_W=5.6572, RSI=7.9
2025-11-21 01:24:20,525 [INFO] [ws_manager]: 🛰️ WS Message: candlestick_1h
2025-11-21 01:24:20,526 [DEBUG] [feature_engine]: Updated ETHUSD 1h candle.
2025-11-21 01:24:20,527 [INFO] [ws_manager]: 🛰️ WS Message: candlestick_15m
2025-11-21 01:24:20,528 [DEBUG] [feature_engine]: Updated ETHUSD 15m candle.
2025-11-21 01:24:20,529 [INFO] [ws_manager]: 🛰️ WS Message: candlestick_1d
2025-11-21 01:24:20,530 [DEBUG] [feature_engine]: Updated SOLUSD 1d candle.
2025-11-21 01:24:20,530 [INFO] [ws_manager]: 🛰️ WS Message: candlestick_1d
2025-11-21 01:24:20,531 [DEBUG] [feature_engine]: Updated ETHUSD 1d candle.
2025-11-21 01:24:20,531 [INFO] [ws_manager]: 🛰️ WS Message: candlestick_1m
2025-11-21 01:24:20,532 [DEBUG] [feature_engine]: Updated SOLUSD 1m candle.
2025-11-21 01:24:20,532 [INFO] [ws_manager]: 🛰️ WS Message: candlestick_1m
2025-11-21 01:24:20,533 [DEBUG] [feature_engine]: Updated ETHUSD 1m candle.
2025-11-21 01:24:20,533 [INFO] [ws_manager]: 🛰️ WS Message: candlestick_15m
2025-11-21 01:24:20,533 [DEBUG] [feature_engine]: Updated SOLUSD 15m candle.
2025-11-21 01:24:20,534 [INFO] [ws_manager]: 🛰️ WS Message: candlestick_1h
2025-11-21 01:24:20,534 [DEBUG] [feature_engine]: Updated SOLUSD 1h candle.
2025-11-21 01:24:20,536 [INFO] [ws_manager]: 🛰️ WS Message: candlestick_4h
2025-11-21 01:24:20,536 [DEBUG] [feature_engine]: Updated ETHUSD 4h candle.
2025-11-21 01:24:20,537 [INFO] [ws_manager]: 🛰️ WS Message: candlestick_4h
2025-11-21 01:24:20,537 [DEBUG] [feature_engine]: Updated SOLUSD 4h candle.
2025-11-21 01:24:20,538 [INFO] [ws_manager]: 🛰️ WS Message: candlestick_5m
2025-11-21 01:24:20,539 [DEBUG] [feature_engine]: Updated SOLUSD 5m candle.
2025-11-21 01:24:20,539 [INFO] [ws_manager]: 🛰️ WS Message: candlestick_5m
2025-11-21 01:24:20,540 [DEBUG] [feature_engine]: Updated ETHUSD 5m candle.
2025-11-21 01:24:20,541 [INFO] [ws_manager]: 🛰️ WS Message: v2/spot_price
2025-11-21 01:24:20,554 [INFO] [ws_manager]: 🛰️ WS Message: v2/spot_price
2025-11-21 01:24:20,555 [INFO] [ws_manager]: 🛰️ WS Message: v2/spot_price
2025-11-21 01:24:20,570 [INFO] [feature_engine]: 📡 Enriched BTCUSD: KER=0.96, BB_W=5.3186, RSI=6.4
2025-11-21 01:24:20,588 [INFO] [feature_engine]: 📡 Enriched BTCUSD: KER=0.96, BB_W=5.3186, RSI=6.4
2025-11-21 01:24:20,607 [INFO] [feature_engine]: 📡 Enriched ETHUSD: KER=0.95, BB_W=5.6572, RSI=7.9
2025-11-21 01:24:20,627 [INFO] [feature_engine]: 📡 Enriched BTCUSD: KER=0.96, BB_W=5.3186, RSI=6.4
2025-11-21 01:24:20,750 [INFO] [feature_engine]: 📡 Enriched BTCUSD: KER=0.96, BB_W=5.3186, RSI=6.4
2025-11-21 01:24:20,805 [INFO] [feature_engine]: 📡 Enriched ETHUSD: KER=0.95, BB_W=5.6572, RSI=7.9
2025-11-21 01:24:20,824 [INFO] [feature_engine]: 📡 Enriched ETHUSD: KER=0.95, BB_W=5.6572, RSI=7.9
2025-11-21 01:24:20,837 [INFO] [feature_engine]: 📡 Enriched ETHUSD: KER=0.95, BB_W=5.6572, RSI=7.9
2025-11-21 01:24:20,876 [INFO] [feature_engine]: 📡 Enriched ETHUSD: KER=0.95, BB_W=5.6572, RSI=7.9
2025-11-21 01:24:20,930 [INFO] [tsl_manager]: PUT /v2/orders (stop edit) -> id=1047619110 price=132.2117 type=limit_order
2025-11-21 01:24:20,930 [DEBUG] [signing]: 🧮 REST Signature base: PUT1763668460/v2/orders{"id":1047619110,"limit_price":"132.2117","order_type":"limit_order","product_id":14823,"reduce_only":true,"side":"sell","size":1,"stop_price":"132.2117"}
2025-11-21 01:24:20,931 [DEBUG] [signing]: 🧾 REST Computed signature: 4d5f62dd15a6f0a0d375e4cdceae8650b07d4a8123aa81377db61df4a0f3e6e8
2025-11-21 01:24:20,947 [INFO] [feature_engine]: 📡 Enriched ETHUSD: KER=0.95, BB_W=5.6572, RSI=7.9
2025-11-21 01:24:21,023 [INFO] [ws_manager]: 🛰️ WS Message: candlestick_15m
2025-11-21 01:24:21,024 [DEBUG] [feature_engine]: Updated BTCUSD 15m candle.
2025-11-21 01:24:21,026 [INFO] [ws_manager]: 🛰️ WS Message: candlestick_1d
2025-11-21 01:24:21,026 [DEBUG] [feature_engine]: Updated BTCUSD 1d candle.
2025-11-21 01:24:21,026 [INFO] [ws_manager]: 🛰️ WS Message: candlestick_1m
2025-11-21 01:24:21,027 [DEBUG] [feature_engine]: Updated BTCUSD 1m candle.
2025-11-21 01:24:21,028 [INFO] [ws_manager]: 🛰️ WS Message: candlestick_5m
2025-11-21 01:24:21,028 [DEBUG] [feature_engine]: Updated BTCUSD 5m candle.
2025-11-21 01:24:21,028 [INFO] [ws_manager]: 🛰️ WS Message: candlestick_4h
2025-11-21 01:24:21,029 [DEBUG] [feature_engine]: Updated BTCUSD 4h candle.
2025-11-21 01:24:21,029 [INFO] [ws_manager]: 🛰️ WS Message: candlestick_1h
2025-11-21 01:24:21,029 [DEBUG] [feature_engine]: Updated BTCUSD 1h candle.
2025-11-21 01:24:21,060 [INFO] [feature_engine]: 📡 Enriched ETHUSD: KER=0.95, BB_W=5.6572, RSI=7.9
2025-11-21 01:24:21,061 [INFO] [ws_manager]: 🛰️ WS Message: candlestick_1m
2025-11-21 01:24:21,061 [DEBUG] [feature_engine]: Updated ETHUSD 1m candle.
2025-11-21 01:24:21,061 [INFO] [ws_manager]: 🛰️ WS Message: candlestick_1h
2025-11-21 01:24:21,062 [DEBUG] [feature_engine]: Updated ETHUSD 1h candle.
2025-11-21 01:24:21,064 [INFO] [ws_manager]: 🛰️ WS Message: candlestick_15m
2025-11-21 01:24:21,065 [INFO] [ws_manager]: 🛰️ WS Message: candlestick_1d
2025-11-21 01:24:21,066 [INFO] [ws_manager]: 🛰️ WS Message: candlestick_4h
2025-11-21 01:24:21,066 [INFO] [feature_engine]: 📡 Enriched ETHUSD: KER=0.95, BB_W=5.6572, RSI=7.9
2025-11-21 01:24:21,066 [DEBUG] [feature_engine]: Updated ETHUSD 15m candle.
2025-11-21 01:24:21,067 [DEBUG] [feature_engine]: Updated ETHUSD 1d candle.
2025-11-21 01:24:21,067 [DEBUG] [feature_engine]: Updated ETHUSD 4h candle.
2025-11-21 01:24:21,067 [INFO] [ws_manager]: 🛰️ WS Message: candlestick_5m
2025-11-21 01:24:21,079 [DEBUG] [feature_engine]: Updated ETHUSD 5m candle.
2025-11-21 01:24:21,094 [INFO] [feature_engine]: 📡 Enriched ETHUSD: KER=0.95, BB_W=5.6572, RSI=7.9
2025-11-21 01:24:21,099 [INFO] [feature_engine]: 📡 Enriched BTCUSD: KER=0.96, BB_W=5.3186, RSI=6.4
2025-11-21 01:24:21,126 [INFO] [feature_engine]: 📡 Enriched BTCUSD: KER=0.96, BB_W=5.3186, RSI=6.4
2025-11-21 01:24:21,172 [INFO] [feature_engine]: 📡 Enriched ETHUSD: KER=0.95, BB_W=5.6572, RSI=7.9
2025-11-21 01:24:21,201 [INFO] [feature_engine]: 📡 Enriched BTCUSD: KER=0.96, BB_W=5.3186, RSI=6.4
2025-11-21 01:24:21,273 [INFO] [feature_engine]: 📡 Enriched SOLUSD: KER=0.98, BB_W=6.3541, RSI=5.9
2025-11-21 01:24:21,276 [INFO] [feature_engine]: 📡 Enriched ETHUSD: KER=0.95, BB_W=5.6572, RSI=7.9
2025-11-21 01:24:21,329 [INFO] [feature_engine]: 📡 Enriched BTCUSD: KER=0.96, BB_W=5.3186, RSI=6.4
2025-11-21 01:24:21,360 [INFO] [feature_engine]: 📡 Enriched SOLUSD: KER=0.98, BB_W=6.3541, RSI=5.9
2025-11-21 01:24:21,368 [INFO] [feature_engine]: 📡 Enriched SOLUSD: KER=0.98, BB_W=6.3541, RSI=5.9
2025-11-21 01:24:21,404 [INFO] [feature_engine]: 📡 Enriched ETHUSD: KER=0.95, BB_W=5.6572, RSI=7.9
2025-11-21 01:24:21,458 [INFO] [feature_engine]: 📡 Enriched BTCUSD: KER=0.96, BB_W=5.3186, RSI=6.4
2025-11-21 01:24:21,480 [INFO] [feature_engine]: 📡 Enriched BTCUSD: KER=0.96, BB_W=5.3186, RSI=6.4
2025-11-21 01:24:21,497 [INFO] [feature_engine]: 📡 Enriched SOLUSD: KER=0.98, BB_W=6.3541, RSI=5.9
2025-11-21 01:24:21,513 [INFO] [feature_engine]: 📡 Enriched ETHUSD: KER=0.95, BB_W=5.6572, RSI=7.9
2025-11-21 01:24:21,526 [INFO] [ws_manager]: 🛰️ WS Message: candlestick_15m
2025-11-21 01:24:21,527 [DEBUG] [feature_engine]: Updated BTCUSD 15m candle.
2025-11-21 01:24:21,527 [INFO] [ws_manager]: 🛰️ WS Message: candlestick_1h
2025-11-21 01:24:21,528 [DEBUG] [feature_engine]: Updated ETHUSD 1h candle.
2025-11-21 01:24:21,528 [INFO] [ws_manager]: 🛰️ WS Message: candlestick_15m
2025-11-21 01:24:21,529 [DEBUG] [feature_engine]: Updated ETHUSD 15m candle.
2025-11-21 01:24:21,529 [INFO] [ws_manager]: 🛰️ WS Message: candlestick_1m
2025-11-21 01:24:21,530 [DEBUG] [feature_engine]: Updated ETHUSD 1m candle.
2025-11-21 01:24:21,530 [INFO] [ws_manager]: 🛰️ WS Message: candlestick_1d
2025-11-21 01:24:21,531 [DEBUG] [feature_engine]: Updated ETHUSD 1d candle.
2025-11-21 01:24:21,531 [INFO] [ws_manager]: 🛰️ WS Message: candlestick_1m
2025-11-21 01:24:21,532 [DEBUG] [feature_engine]: Updated BTCUSD 1m candle.
2025-11-21 01:24:21,532 [INFO] [ws_manager]: 🛰️ WS Message: candlestick_1d
2025-11-21 01:24:21,533 [DEBUG] [feature_engine]: Updated BTCUSD 1d candle.
2025-11-21 01:24:21,533 [INFO] [ws_manager]: 🛰️ WS Message: candlestick_1h
2025-11-21 01:24:21,534 [DEBUG] [feature_engine]: Updated BTCUSD 1h candle.
2025-11-21 01:24:21,534 [INFO] [ws_manager]: 🛰️ WS Message: candlestick_4h
2025-11-21 01:24:21,534 [DEBUG] [feature_engine]: Updated ETHUSD 4h candle.
2025-11-21 01:24:21,535 [INFO] [ws_manager]: 🛰️ WS Message: candlestick_5m
2025-11-21 01:24:21,535 [DEBUG] [feature_engine]: Updated BTCUSD 5m candle.
2025-11-21 01:24:21,535 [INFO] [ws_manager]: 🛰️ WS Message: candlestick_4h
2025-11-21 01:24:21,536 [DEBUG] [feature_engine]: Updated BTCUSD 4h candle.
2025-11-21 01:24:21,536 [INFO] [ws_manager]: 🛰️ WS Message: candlestick_5m
2025-11-21 01:24:21,537 [DEBUG] [feature_engine]: Updated ETHUSD 5m candle.
2025-11-21 01:24:21,544 [INFO] [ws_manager]: 🛰️ WS Message: v2/spot_price
2025-11-21 01:24:21,548 [INFO] [ws_manager]: 🛰️ WS Message: v2/spot_price
2025-11-21 01:24:21,550 [INFO] [feature_engine]: 📡 Enriched BTCUSD: KER=0.96, BB_W=5.3186, RSI=6.4
2025-11-21 01:24:21,567 [INFO] [ws_manager]: 🛰️ WS Message: v2/spot_price
2025-11-21 01:24:21,627 [INFO] [feature_engine]: 📡 Enriched ETHUSD: KER=0.95, BB_W=5.6572, RSI=7.9
2025-11-21 01:24:21,670 [INFO] [feature_engine]: 📡 Enriched BTCUSD: KER=0.96, BB_W=5.3186, RSI=6.4
2025-11-21 01:24:21,737 [INFO] [feature_engine]: 📡 Enriched ETHUSD: KER=0.95, BB_W=5.6572, RSI=7.9
2025-11-21 01:24:21,750 [INFO] [feature_engine]: 📡 Enriched BTCUSD: KER=0.96, BB_W=5.3186, RSI=6.4
2025-11-21 01:24:21,781 [INFO] [feature_engine]: 📡 Enriched BTCUSD: KER=0.96, BB_W=5.3186, RSI=6.4
2025-11-21 01:24:21,847 [INFO] [feature_engine]: 📡 Enriched ETHUSD: KER=0.95, BB_W=5.6572, RSI=7.9
2025-11-21 01:24:21,896 [INFO] [feature_engine]: 📡 Enriched BTCUSD: KER=0.96, BB_W=5.3186, RSI=6.4
2025-11-21 01:24:21,903 [INFO] [ws_manager]: 🛰️ WS Message: orders
2025-11-21 01:24:21,907 [INFO] [tsl_manager]: ✅ Stop order 1047619110 updated to 132.2117
2025-11-21 01:24:22,034 [INFO] [ws_manager]: 🛰️ WS Message: candlestick_15m
2025-11-21 01:24:22,035 [DEBUG] [feature_engine]: Updated BTCUSD 15m candle.
2025-11-21 01:24:22,036 [INFO] [ws_manager]: 🛰️ WS Message: candlestick_1m
2025-11-21 01:24:22,036 [DEBUG] [feature_engine]: Updated BTCUSD 1m candle.
2025-11-21 01:24:22,037 [INFO] [ws_manager]: 🛰️ WS Message: candlestick_1h
2025-11-21 01:24:22,037 [DEBUG] [feature_engine]: Updated BTCUSD 1h candle.
2025-11-21 01:24:22,037 [INFO] [ws_manager]: 🛰️ WS Message: candlestick_5m
2025-11-21 01:24:22,038 [DEBUG] [feature_engine]: Updated BTCUSD 5m candle.
2025-11-21 01:24:22,038 [INFO] [ws_manager]: 🛰️ WS Message: candlestick_1d
2025-11-21 01:24:22,039 [DEBUG] [feature_engine]: Updated BTCUSD 1d candle.
2025-11-21 01:24:22,039 [INFO] [ws_manager]: 🛰️ WS Message: candlestick_4h
2025-11-21 01:24:22,040 [DEBUG] [feature_engine]: Updated BTCUSD 4h candle.
2025-11-21 01:24:22,061 [INFO] [feature_engine]: 📡 Enriched BTCUSD: KER=0.96, BB_W=5.3186, RSI=6.4
2025-11-21 01:24:22,129 [INFO] [feature_engine]: 📡 Enriched BTCUSD: KER=0.96, BB_W=5.3186, RSI=6.4
2025-11-21 01:24:22,155 [INFO] [feature_engine]: 📡 Enriched ETHUSD: KER=0.95, BB_W=5.6572, RSI=7.9
2025-11-21 01:24:22,186 [INFO] [feature_engine]: 📡 Enriched ETHUSD: KER=0.95, BB_W=5.6572, RSI=7.9
2025-11-21 01:24:22,239 [INFO] [feature_engine]: 📡 Enriched ETHUSD: KER=0.95, BB_W=5.6572, RSI=7.9
2025-11-21 01:24:22,301 [INFO] [feature_engine]: 📡 Enriched ETHUSD: KER=0.95, BB_W=5.6572, RSI=7.9
2025-11-21 01:24:22,360 [INFO] [feature_engine]: 📡 Enriched BTCUSD: KER=0.96, BB_W=5.3186, RSI=6.4
2025-11-21 01:24:22,386 [INFO] [feature_engine]: 📡 Enriched SOLUSD: KER=0.98, BB_W=6.3541, RSI=5.9
2025-11-21 01:24:22,417 [INFO] [feature_engine]: 📡 Enriched ETHUSD: KER=0.95, BB_W=5.6572, RSI=7.9
2025-11-21 01:24:22,456 [INFO] [feature_engine]: 📡 Enriched SOLUSD: KER=0.98, BB_W=6.3541, RSI=5.9
2025-11-21 01:24:22,524 [INFO] [feature_engine]: 📡 Enriched ETHUSD: KER=0.95, BB_W=5.6572, RSI=7.9
2025-11-21 01:24:22,526 [INFO] [ws_manager]: 🛰️ WS Message: candlestick_1m
2025-11-21 01:24:22,526 [DEBUG] [feature_engine]: Updated ETHUSD 1m candle.
2025-11-21 01:24:22,527 [INFO] [ws_manager]: 🛰️ WS Message: candlestick_15m
2025-11-21 01:24:22,528 [DEBUG] [feature_engine]: Updated ETHUSD 15m candle.
2025-11-21 01:24:22,528 [INFO] [ws_manager]: 🛰️ WS Message: candlestick_1d
2025-11-21 01:24:22,529 [DEBUG] [feature_engine]: Updated ETHUSD 1d candle.
2025-11-21 01:24:22,529 [INFO] [ws_manager]: 🛰️ WS Message: candlestick_1h
2025-11-21 01:24:22,530 [DEBUG] [feature_engine]: Updated ETHUSD 1h candle.
2025-11-21 01:24:22,530 [INFO] [ws_manager]: 🛰️ WS Message: candlestick_4h
2025-11-21 01:24:22,531 [DEBUG] [feature_engine]: Updated ETHUSD 4h candle.
2025-11-21 01:24:22,531 [INFO] [ws_manager]: 🛰️ WS Message: candlestick_5m
2025-11-21 01:24:22,532 [DEBUG] [feature_engine]: Updated ETHUSD 5m candle.
2025-11-21 01:24:22,533 [INFO] [ws_manager]: 🛰️ WS Message: candlestick_1d
2025-11-21 01:24:22,535 [INFO] [ws_manager]: 🛰️ WS Message: candlestick_15m
2025-11-21 01:24:22,536 [INFO] [ws_manager]: 🛰️ WS Message: candlestick_1m
2025-11-21 01:24:22,537 [INFO] [feature_engine]: 📡 Enriched SOLUSD: KER=0.98, BB_W=6.3541, RSI=5.9
2025-11-21 01:24:22,537 [DEBUG] [feature_engine]: Updated SOLUSD 1d candle.
2025-11-21 01:24:22,538 [DEBUG] [feature_engine]: Updated SOLUSD 15m candle.
2025-11-21 01:24:22,538 [DEBUG] [feature_engine]: Updated SOLUSD 1m candle.
2025-11-21 01:24:22,538 [INFO] [ws_manager]: 🛰️ WS Message: candlestick_4h
2025-11-21 01:24:22,555 [DEBUG] [feature_engine]: Updated SOLUSD 4h candle.
2025-11-21 01:24:22,555 [INFO] [ws_manager]: 🛰️ WS Message: candlestick_1h
2025-11-21 01:24:22,556 [DEBUG] [feature_engine]: Updated SOLUSD 1h candle.
2025-11-21 01:24:22,556 [INFO] [ws_manager]: 🛰️ WS Message: candlestick_5m
2025-11-21 01:24:22,557 [DEBUG] [feature_engine]: Updated SOLUSD 5m candle.
2025-11-21 01:24:22,557 [INFO] [ws_manager]: 🛰️ WS Message: v2/spot_price
2025-11-21 01:24:22,558 [INFO] [ws_manager]: 🛰️ WS Message: v2/spot_price
2025-11-21 01:24:22,561 [INFO] [ws_manager]: 🛰️ WS Message: v2/spot_price
2025-11-21 01:24:22,576 [INFO] [feature_engine]: 📡 Enriched SOLUSD: KER=0.98, BB_W=6.3541, RSI=5.9
2025-11-21 01:24:22,683 [INFO] [feature_engine]: 📡 Enriched ETHUSD: KER=0.95, BB_W=5.6572, RSI=7.9
2025-11-21 01:24:22,699 [INFO] [feature_engine]: 📡 Enriched SOLUSD: KER=0.98, BB_W=6.3541, RSI=5.9
2025-11-21 01:24:22,731 [INFO] [feature_engine]: 📡 Enriched BTCUSD: KER=0.96, BB_W=5.3186, RSI=6.4
2025-11-21 01:24:22,753 [INFO] [feature_engine]: 📡 Enriched ETHUSD: KER=0.95, BB_W=5.6572, RSI=7.9
2025-11-21 01:24:22,781 [INFO] [feature_engine]: 📡 Enriched ETHUSD: KER=0.95, BB_W=5.6572, RSI=7.9
2025-11-21 01:24:22,827 [INFO] [feature_engine]: 📡 Enriched BTCUSD: KER=0.96, BB_W=5.3186, RSI=6.4
2025-11-21 01:24:22,903 [INFO] [feature_engine]: 📡 Enriched SOLUSD: KER=0.98, BB_W=6.3541, RSI=5.9
2025-11-21 01:24:22,947 [INFO] [feature_engine]: 📡 Enriched BTCUSD: KER=0.96, BB_W=5.3186, RSI=6.4
2025-11-21 01:24:22,973 [INFO] [feature_engine]: 📡 Enriched ETHUSD: KER=0.95, BB_W=5.6572, RSI=7.9
2025-11-21 01:24:22,980 [INFO] [ws_manager]: 🛰️ WS Message: v2/ticker
2025-11-21 01:24:22,981 [DEBUG] [feature_engine]: Ticker for SOLUSD received and ignored.
2025-11-21 01:24:22,988 [INFO] [feature_engine]: 📡 Enriched BTCUSD: KER=0.96, BB_W=5.3186, RSI=6.4
2025-11-21 01:24:23,033 [INFO] [ws_manager]: 🛰️ WS Message: candlestick_1m
2025-11-21 01:24:23,034 [DEBUG] [feature_engine]: Updated ETHUSD 1m candle.
2025-11-21 01:24:23,034 [INFO] [ws_manager]: 🛰️ WS Message: candlestick_15m
2025-11-21 01:24:23,035 [DEBUG] [feature_engine]: Updated SOLUSD 15m candle.
2025-11-21 01:24:23,035 [INFO] [ws_manager]: 🛰️ WS Message: candlestick_1d
2025-11-21 01:24:23,036 [DEBUG] [feature_engine]: Updated BTCUSD 1d candle.
2025-11-21 01:24:23,036 [INFO] [ws_manager]: 🛰️ WS Message: candlestick_1d
2025-11-21 01:24:23,037 [DEBUG] [feature_engine]: Updated ETHUSD 1d candle.
2025-11-21 01:24:23,037 [INFO] [ws_manager]: 🛰️ WS Message: candlestick_1d
2025-11-21 01:24:23,038 [DEBUG] [feature_engine]: Updated SOLUSD 1d candle.
2025-11-21 01:24:23,040 [INFO] [ws_manager]: 🛰️ WS Message: candlestick_1h
2025-11-21 01:24:23,042 [INFO] [ws_manager]: 🛰️ WS Message: candlestick_15m
2025-11-21 01:24:23,043 [INFO] [ws_manager]: 🛰️ WS Message: candlestick_4h
2025-11-21 01:24:23,043 [INFO] [feature_engine]: 📡 Enriched BTCUSD: KER=0.96, BB_W=5.3186, RSI=6.4
2025-11-21 01:24:23,043 [DEBUG] [feature_engine]: Updated BTCUSD 1h candle.
2025-11-21 01:24:23,043 [DEBUG] [feature_engine]: Updated BTCUSD 15m candle.
2025-11-21 01:24:23,056 [DEBUG] [feature_engine]: Updated ETHUSD 4h candle.
2025-11-21 01:24:23,056 [INFO] [ws_manager]: 🛰️ WS Message: candlestick_5m
2025-11-21 01:24:23,057 [DEBUG] [feature_engine]: Updated BTCUSD 5m candle.
2025-11-21 01:24:23,057 [INFO] [ws_manager]: 🛰️ WS Message: candlestick_1m
2025-11-21 01:24:23,057 [DEBUG] [feature_engine]: Updated BTCUSD 1m candle.
2025-11-21 01:24:23,058 [INFO] [ws_manager]: 🛰️ WS Message: candlestick_15m
2025-11-21 01:24:23,059 [DEBUG] [feature_engine]: Updated ETHUSD 15m candle.
2025-11-21 01:24:23,059 [INFO] [ws_manager]: 🛰️ WS Message: candlestick_1h
2025-11-21 01:24:23,059 [DEBUG] [feature_engine]: Updated ETHUSD 1h candle.
2025-11-21 01:24:23,059 [INFO] [ws_manager]: 🛰️ WS Message: candlestick_4h
2025-11-21 01:24:23,060 [DEBUG] [feature_engine]: Updated SOLUSD 4h candle.
2025-11-21 01:24:23,060 [INFO] [ws_manager]: 🛰️ WS Message: candlestick_5m
2025-11-21 01:24:23,060 [DEBUG] [feature_engine]: Updated SOLUSD 5m candle.
2025-11-21 01:24:23,061 [INFO] [ws_manager]: 🛰️ WS Message: candlestick_1m
2025-11-21 01:24:23,061 [DEBUG] [feature_engine]: Updated SOLUSD 1m candle.
2025-11-21 01:24:23,061 [INFO] [ws_manager]: 🛰️ WS Message: candlestick_1h
2025-11-21 01:24:23,062 [DEBUG] [feature_engine]: Updated SOLUSD 1h candle.
2025-11-21 01:24:23,062 [INFO] [ws_manager]: 🛰️ WS Message: candlestick_5m
2025-11-21 01:24:23,062 [DEBUG] [feature_engine]: Updated ETHUSD 5m candle.
2025-11-21 01:24:23,063 [INFO] [ws_manager]: 🛰️ WS Message: candlestick_4h
2025-11-21 01:24:23,063 [DEBUG] [feature_engine]: Updated BTCUSD 4h candle.
2025-11-21 01:24:23,070 [INFO] [ws_manager]: 🛰️ WS Message: v2/ticker
2025-11-21 01:24:23,071 [DEBUG] [feature_engine]: Ticker for ETHUSD received and ignored.
2025-11-21 01:24:23,090 [INFO] [feature_engine]: 📡 Enriched BTCUSD: KER=0.96, BB_W=5.3186, RSI=6.4
2025-11-21 01:24:23,106 [INFO] [feature_engine]: 📡 Enriched ETHUSD: KER=0.95, BB_W=5.6572, RSI=7.9
2025-11-21 01:24:23,152 [INFO] [ws_manager]: 🛰️ WS Message: v2/ticker
2025-11-21 01:24:23,153 [DEBUG] [feature_engine]: Ticker for BTCUSD received and ignored.
2025-11-21 01:24:23,168 [INFO] [feature_engine]: 📡 Enriched BTCUSD: KER=0.96, BB_W=5.3186, RSI=6.4
2025-11-21 01:24:23,229 [INFO] [feature_engine]: 📡 Enriched ETHUSD: KER=0.95, BB_W=5.6572, RSI=7.9
2025-11-21 01:24:23,283 [INFO] [feature_engine]: 📡 Enriched BTCUSD: KER=0.96, BB_W=5.3186, RSI=6.4
2025-11-21 01:24:23,334 [INFO] [feature_engine]: 📡 Enriched ETHUSD: KER=0.95, BB_W=5.6572, RSI=7.9
2025-11-21 01:24:23,390 [INFO] [feature_engine]: 📡 Enriched BTCUSD: KER=0.96, BB_W=5.3186, RSI=6.4
2025-11-21 01:24:23,448 [INFO] [feature_engine]: 📡 Enriched ETHUSD: KER=0.95, BB_W=5.6572, RSI=7.9
2025-11-21 01:24:23,472 [INFO] [feature_engine]: 📡 Enriched SOLUSD: KER=0.98, BB_W=6.3541, RSI=5.9
2025-11-21 01:24:23,487 [INFO] [feature_engine]: 📡 Enriched ETHUSD: KER=0.95, BB_W=5.6572, RSI=7.9
2025-11-21 01:24:23,533 [INFO] [feature_engine]: 📡 Enriched SOLUSD: KER=0.98, BB_W=6.3541, RSI=5.9
2025-11-21 01:24:23,533 [INFO] [ws_manager]: 🛰️ WS Message: candlestick_1m
2025-11-21 01:24:23,533 [DEBUG] [feature_engine]: Updated BTCUSD 1m candle.
2025-11-21 01:24:23,533 [INFO] [ws_manager]: 🛰️ WS Message: candlestick_15m
2025-11-21 01:24:23,535 [DEBUG] [feature_engine]: Updated ETHUSD 15m candle.
2025-11-21 01:24:23,535 [INFO] [ws_manager]: 🛰️ WS Message: candlestick_1d
2025-11-21 01:24:23,535 [DEBUG] [feature_engine]: Updated ETHUSD 1d candle.
2025-11-21 01:24:23,537 [INFO] [ws_manager]: 🛰️ WS Message: candlestick_1d
2025-11-21 01:24:23,537 [DEBUG] [feature_engine]: Updated BTCUSD 1d candle.
2025-11-21 01:24:23,537 [INFO] [ws_manager]: 🛰️ WS Message: candlestick_1h
2025-11-21 01:24:23,538 [DEBUG] [feature_engine]: Updated BTCUSD 1h candle.
2025-11-21 01:24:23,538 [INFO] [ws_manager]: 🛰️ WS Message: candlestick_15m
2025-11-21 01:24:23,539 [DEBUG] [feature_engine]: Updated BTCUSD 15m candle.
2025-11-21 01:24:23,539 [INFO] [ws_manager]: 🛰️ WS Message: candlestick_5m
2025-11-21 01:24:23,540 [DEBUG] [feature_engine]: Updated BTCUSD 5m candle.
2025-11-21 01:24:23,540 [INFO] [ws_manager]: 🛰️ WS Message: candlestick_4h
2025-11-21 01:24:23,541 [DEBUG] [feature_engine]: Updated ETHUSD 4h candle.
2025-11-21 01:24:23,541 [INFO] [ws_manager]: 🛰️ WS Message: candlestick_1m
2025-11-21 01:24:23,542 [DEBUG] [feature_engine]: Updated ETHUSD 1m candle.
2025-11-21 01:24:23,542 [INFO] [ws_manager]: 🛰️ WS Message: candlestick_5m
2025-11-21 01:24:23,543 [DEBUG] [feature_engine]: Updated ETHUSD 5m candle.
2025-11-21 01:24:23,547 [INFO] [ws_manager]: 🛰️ WS Message: candlestick_4h
2025-11-21 01:24:23,548 [DEBUG] [feature_engine]: Updated BTCUSD 4h candle.
2025-11-21 01:24:23,548 [INFO] [ws_manager]: 🛰️ WS Message: candlestick_1h
2025-11-21 01:24:23,550 [DEBUG] [feature_engine]: Updated ETHUSD 1h candle.
2025-11-21 01:24:23,550 [INFO] [ws_manager]: 🛰️ WS Message: v2/spot_price
2025-11-21 01:24:23,558 [INFO] [ws_manager]: 🛰️ WS Message: v2/spot_price
2025-11-21 01:24:23,561 [INFO] [ws_manager]: 🛰️ WS Message: v2/spot_price
2025-11-21 01:24:23,574 [INFO] [feature_engine]: 📡 Enriched ETHUSD: KER=0.95, BB_W=5.6572, RSI=7.9
2025-11-21 01:24:23,594 [INFO] [feature_engine]: 📡 Enriched SOLUSD: KER=0.98, BB_W=6.3541, RSI=5.9
2025-11-21 01:24:23,597 [INFO] [feature_engine]: 📡 Enriched ETHUSD: KER=0.95, BB_W=5.6572, RSI=7.9
2025-11-21 01:24:23,622 [INFO] [feature_engine]: 📡 Enriched BTCUSD: KER=0.96, BB_W=5.3186, RSI=6.4
2025-11-21 01:24:23,648 [INFO] [feature_engine]: 📡 Enriched SOLUSD: KER=0.98, BB_W=6.3541, RSI=5.9
2025-11-21 01:24:23,676 [INFO] [feature_engine]: 📡 Enriched ETHUSD: KER=0.95, BB_W=5.6572, RSI=7.9
2025-11-21 01:24:23,735 [INFO] [feature_engine]: 📡 Enriched BTCUSD: KER=0.96, BB_W=5.3186, RSI=6.4
2025-11-21 01:24:23,751 [INFO] [feature_engine]: 📡 Enriched SOLUSD: KER=0.98, BB_W=6.3541, RSI=5.9
2025-11-21 01:24:23,769 [INFO] [feature_engine]: 📡 Enriched ETHUSD: KER=0.95, BB_W=5.6572, RSI=7.9
2025-11-21 01:24:23,785 [INFO] [feature_engine]: 📡 Enriched BTCUSD: KER=0.96, BB_W=5.3186, RSI=6.4
2025-11-21 01:24:23,811 [INFO] [feature_engine]: 📡 Enriched ETHUSD: KER=0.95, BB_W=5.6572, RSI=7.9
2025-11-21 01:24:23,815 [INFO] [feature_engine]: 📡 Enriched SOLUSD: KER=0.98, BB_W=6.3541, RSI=5.9
2025-11-21 01:24:23,831 [INFO] [feature_engine]: 📡 Enriched SOLUSD: KER=0.98, BB_W=6.3541, RSI=5.9
2025-11-21 01:24:23,845 [INFO] [feature_engine]: 📡 Enriched SOLUSD: KER=0.98, BB_W=6.3541, RSI=5.9
2025-11-21 01:24:23,860 [INFO] [feature_engine]: 📡 Enriched SOLUSD: KER=0.98, BB_W=6.3541, RSI=5.9
2025-11-21 01:24:23,874 [INFO] [feature_engine]: 📡 Enriched ETHUSD: KER=0.95, BB_W=5.6572, RSI=7.9
2025-11-21 01:24:23,901 [INFO] [feature_engine]: 📡 Enriched SOLUSD: KER=0.98, BB_W=6.3541, RSI=5.9
2025-11-21 01:24:23,918 [INFO] [feature_engine]: 📡 Enriched BTCUSD: KER=0.96, BB_W=5.3186, RSI=6.4
2025-11-21 01:24:23,935 [INFO] [feature_engine]: 📡 Enriched ETHUSD: KER=0.95, BB_W=5.6572, RSI=7.9
2025-11-21 01:24:23,976 [INFO] [feature_engine]: 📡 Enriched ETHUSD: KER=0.95, BB_W=5.6572, RSI=7.9
2025-11-21 01:24:23,997 [INFO] [feature_engine]: 📡 Enriched BTCUSD: KER=0.96, BB_W=5.3186, RSI=6.4
2025-11-21 01:24:24,025 [INFO] [feature_engine]: 📡 Enriched ETHUSD: KER=0.95, BB_W=5.6572, RSI=7.9
2025-11-21 01:24:24,026 [INFO] [ws_manager]: 🛰️ WS Message: candlestick_1m
2025-11-21 01:24:24,027 [DEBUG] [feature_engine]: Updated BTCUSD 1m candle.
2025-11-21 01:24:24,027 [INFO] [ws_manager]: 🛰️ WS Message: candlestick_1d
2025-11-21 01:24:24,028 [DEBUG] [feature_engine]: Updated SOLUSD 1d candle.
2025-11-21 01:24:24,029 [INFO] [ws_manager]: 🛰️ WS Message: candlestick_15m
2025-11-21 01:24:24,029 [DEBUG] [feature_engine]: Updated SOLUSD 15m candle.
2025-11-21 01:24:24,030 [INFO] [ws_manager]: 🛰️ WS Message: candlestick_1d
2025-11-21 01:24:24,030 [DEBUG] [feature_engine]: Updated BTCUSD 1d candle.
2025-11-21 01:24:24,030 [INFO] [ws_manager]: 🛰️ WS Message: candlestick_15m
2025-11-21 01:24:24,031 [DEBUG] [feature_engine]: Updated BTCUSD 15m candle.
2025-11-21 01:24:24,031 [INFO] [ws_manager]: 🛰️ WS Message: candlestick_1m
2025-11-21 01:24:24,032 [DEBUG] [feature_engine]: Updated SOLUSD 1m candle.
2025-11-21 01:24:24,033 [INFO] [ws_manager]: 🛰️ WS Message: candlestick_1h
2025-11-21 01:24:24,033 [DEBUG] [feature_engine]: Updated BTCUSD 1h candle.
2025-11-21 01:24:24,034 [INFO] [ws_manager]: 🛰️ WS Message: candlestick_5m
2025-11-21 01:24:24,034 [DEBUG] [feature_engine]: Updated BTCUSD 5m candle.
2025-11-21 01:24:24,034 [INFO] [ws_manager]: 🛰️ WS Message: candlestick_4h
2025-11-21 01:24:24,035 [DEBUG] [feature_engine]: Updated BTCUSD 4h candle.
2025-11-21 01:24:24,035 [INFO] [ws_manager]: 🛰️ WS Message: candlestick_5m
2025-11-21 01:24:24,036 [DEBUG] [feature_engine]: Updated SOLUSD 5m candle.
2025-11-21 01:24:24,036 [INFO] [ws_manager]: 🛰️ WS Message: candlestick_1d
2025-11-21 01:24:24,037 [DEBUG] [feature_engine]: Updated ETHUSD 1d candle.
2025-11-21 01:24:24,037 [INFO] [ws_manager]: 🛰️ WS Message: candlestick_15m
2025-11-21 01:24:24,037 [DEBUG] [feature_engine]: Updated ETHUSD 15m candle.
2025-11-21 01:24:24,038 [INFO] [ws_manager]: 🛰️ WS Message: candlestick_4h
2025-11-21 01:24:24,039 [DEBUG] [feature_engine]: Updated SOLUSD 4h candle.
2025-11-21 01:24:24,040 [INFO] [ws_manager]: 🛰️ WS Message: candlestick_1m
2025-11-21 01:24:24,040 [DEBUG] [feature_engine]: Updated ETHUSD 1m candle.
2025-11-21 01:24:24,041 [INFO] [ws_manager]: 🛰️ WS Message: candlestick_4h
2025-11-21 01:24:24,041 [DEBUG] [feature_engine]: Updated ETHUSD 4h candle.
2025-11-21 01:24:24,042 [INFO] [ws_manager]: 🛰️ WS Message: candlestick_1h
2025-11-21 01:24:24,042 [DEBUG] [feature_engine]: Updated SOLUSD 1h candle.
2025-11-21 01:24:24,043 [INFO] [ws_manager]: 🛰️ WS Message: candlestick_1h
2025-11-21 01:24:24,043 [DEBUG] [feature_engine]: Updated ETHUSD 1h candle.
2025-11-21 01:24:24,044 [INFO] [ws_manager]: 🛰️ WS Message: candlestick_5m
2025-11-21 01:24:24,044 [DEBUG] [feature_engine]: Updated ETHUSD 5m candle.
2025-11-21 01:24:24,070 [INFO] [feature_engine]: 📡 Enriched SOLUSD: KER=0.98, BB_W=6.3541, RSI=5.9
2025-11-21 01:24:24,202 [INFO] [feature_engine]: 📡 Enriched BTCUSD: KER=0.96, BB_W=5.3186, RSI=6.4
2025-11-21 01:24:24,260 [INFO] [feature_engine]: 📡 Enriched ETHUSD: KER=0.95, BB_W=5.6572, RSI=7.9
2025-11-21 01:24:24,306 [INFO] [feature_engine]: 📡 Enriched ETHUSD: KER=0.95, BB_W=5.6572, RSI=7.9
2025-11-21 01:24:24,333 [INFO] [feature_engine]: 📡 Enriched BTCUSD: KER=0.96, BB_W=5.3186, RSI=6.4
2025-11-21 01:24:24,370 [INFO] [feature_engine]: 📡 Enriched ETHUSD: KER=0.95, BB_W=5.6572, RSI=7.9
2025-11-21 01:24:24,475 [INFO] [feature_engine]: 📡 Enriched ETHUSD: KER=0.95, BB_W=5.6572, RSI=7.9
2025-11-21 01:24:24,493 [INFO] [feature_engine]: 📡 Enriched ETHUSD: KER=0.95, BB_W=5.6572, RSI=7.9
2025-11-21 01:24:24,527 [INFO] [ws_manager]: 🛰️ WS Message: candlestick_1d
2025-11-21 01:24:24,528 [DEBUG] [feature_engine]: Updated ETHUSD 1d candle.
2025-11-21 01:24:24,528 [INFO] [ws_manager]: 🛰️ WS Message: candlestick_1h
2025-11-21 01:24:24,529 [DEBUG] [feature_engine]: Updated ETHUSD 1h candle.
2025-11-21 01:24:24,529 [INFO] [ws_manager]: 🛰️ WS Message: candlestick_1m
2025-11-21 01:24:24,529 [DEBUG] [feature_engine]: Updated ETHUSD 1m candle.
2025-11-21 01:24:24,529 [INFO] [ws_manager]: 🛰️ WS Message: candlestick_15m
2025-11-21 01:24:24,529 [DEBUG] [feature_engine]: Updated ETHUSD 15m candle.
2025-11-21 01:24:24,529 [INFO] [ws_manager]: 🛰️ WS Message: candlestick_4h
2025-11-21 01:24:24,529 [DEBUG] [feature_engine]: Updated ETHUSD 4h candle.
2025-11-21 01:24:24,529 [INFO] [ws_manager]: 🛰️ WS Message: candlestick_5m
2025-11-21 01:24:24,529 [DEBUG] [feature_engine]: Updated ETHUSD 5m candle.
2025-11-21 01:24:24,539 [INFO] [ws_manager]: 🛰️ WS Message: v2/spot_price
2025-11-21 01:24:24,548 [INFO] [ws_manager]: 🛰️ WS Message: v2/spot_price
2025-11-21 01:24:24,563 [INFO] [ws_manager]: 🛰️ WS Message: v2/spot_price
2025-11-21 01:24:24,643 [INFO] [feature_engine]: 📡 Enriched ETHUSD: KER=0.95, BB_W=5.6572, RSI=7.9
2025-11-21 01:24:24,716 [INFO] [feature_engine]: 📡 Enriched ETHUSD: KER=0.95, BB_W=5.6572, RSI=7.9
2025-11-21 01:24:24,757 [INFO] [feature_engine]: 📡 Enriched SOLUSD: KER=0.98, BB_W=6.3541, RSI=5.9
2025-11-21 01:24:24,822 [INFO] [feature_engine]: 📡 Enriched SOLUSD: KER=0.98, BB_W=6.3541, RSI=5.9
2025-11-21 01:24:24,835 [INFO] [feature_engine]: 📡 Enriched ETHUSD: KER=0.95, BB_W=5.6572, RSI=7.9
2025-11-21 01:24:24,895 [INFO] [feature_engine]: 📡 Enriched BTCUSD: KER=0.96, BB_W=5.3186, RSI=6.4
2025-11-21 01:24:24,933 [INFO] [feature_engine]: 📡 Enriched SOLUSD: KER=0.98, BB_W=6.3541, RSI=5.9
2025-11-21 01:24:24,976 [INFO] [feature_engine]: 📡 Enriched ETHUSD: KER=0.95, BB_W=5.6572, RSI=7.9
2025-11-21 01:24:25,019 [INFO] [feature_engine]: 📡 Enriched BTCUSD: KER=0.96, BB_W=5.3186, RSI=6.4
2025-11-21 01:24:25,026 [INFO] [ws_manager]: 🛰️ WS Message: candlestick_1h
2025-11-21 01:24:25,026 [DEBUG] [feature_engine]: Updated ETHUSD 1h candle.
2025-11-21 01:24:25,027 [INFO] [ws_manager]: 🛰️ WS Message: candlestick_15m
2025-11-21 01:24:25,028 [DEBUG] [feature_engine]: Updated ETHUSD 15m candle.
2025-11-21 01:24:25,030 [INFO] [ws_manager]: 🛰️ WS Message: candlestick_1m
2025-11-21 01:24:25,031 [INFO] [ws_manager]: 🛰️ WS Message: candlestick_15m
2025-11-21 01:24:25,032 [INFO] [ws_manager]: 🛰️ WS Message: candlestick_1d
2025-11-21 01:24:25,034 [INFO] [feature_engine]: 📡 Enriched ETHUSD: KER=0.95, BB_W=5.6572, RSI=7.9
2025-11-21 01:24:25,034 [DEBUG] [feature_engine]: Updated ETHUSD 1m candle.
2025-11-21 01:24:25,034 [DEBUG] [feature_engine]: Updated SOLUSD 15m candle.
2025-11-21 01:24:25,034 [DEBUG] [feature_engine]: Updated SOLUSD 1d candle.
2025-11-21 01:24:25,034 [INFO] [ws_manager]: 🛰️ WS Message: candlestick_5m
2025-11-21 01:24:25,049 [DEBUG] [feature_engine]: Updated ETHUSD 5m candle.
2025-11-21 01:24:25,049 [INFO] [ws_manager]: 🛰️ WS Message: candlestick_1d
2025-11-21 01:24:25,050 [DEBUG] [feature_engine]: Updated ETHUSD 1d candle.
2025-11-21 01:24:25,050 [INFO] [ws_manager]: 🛰️ WS Message: candlestick_1h
2025-11-21 01:24:25,051 [DEBUG] [feature_engine]: Updated SOLUSD 1h candle.
2025-11-21 01:24:25,051 [INFO] [ws_manager]: 🛰️ WS Message: candlestick_4h
2025-11-21 01:24:25,052 [DEBUG] [feature_engine]: Updated SOLUSD 4h candle.
2025-11-21 01:24:25,052 [INFO] [ws_manager]: 🛰️ WS Message: candlestick_1m
2025-11-21 01:24:25,052 [DEBUG] [feature_engine]: Updated SOLUSD 1m candle.
2025-11-21 01:24:25,052 [INFO] [ws_manager]: 🛰️ WS Message: candlestick_4h
2025-11-21 01:24:25,053 [DEBUG] [feature_engine]: Updated ETHUSD 4h candle.
2025-11-21 01:24:25,053 [INFO] [ws_manager]: 🛰️ WS Message: candlestick_5m
2025-11-21 01:24:25,053 [DEBUG] [feature_engine]: Updated SOLUSD 5m candle.
2025-11-21 01:24:25,068 [INFO] [feature_engine]: 📡 Enriched ETHUSD: KER=0.95, BB_W=5.6572, RSI=7.9
2025-11-21 01:24:25,099 [INFO] [feature_engine]: 📡 Enriched ETHUSD: KER=0.95, BB_W=5.6572, RSI=7.9
2025-11-21 01:24:25,114 [INFO] [feature_engine]: 📡 Enriched ETHUSD: KER=0.95, BB_W=5.6572, RSI=7.9
2025-11-21 01:24:25,139 [INFO] [feature_engine]: 📡 Enriched BTCUSD: KER=0.96, BB_W=5.3186, RSI=6.4
2025-11-21 01:24:25,142 [INFO] [feature_engine]: 📡 Enriched BTCUSD: KER=0.96, BB_W=5.3186, RSI=6.4
2025-11-21 01:24:25,166 [INFO] [feature_engine]: 📡 Enriched SOLUSD: KER=0.98, BB_W=6.3541, RSI=5.9
2025-11-21 01:24:25,180 [INFO] [feature_engine]: 📡 Enriched ETHUSD: KER=0.95, BB_W=5.6572, RSI=7.9
2025-11-21 01:24:25,183 [INFO] [feature_engine]: 📡 Enriched ETHUSD: KER=0.95, BB_W=5.6572, RSI=7.9
2025-11-21 01:24:25,248 [INFO] [feature_engine]: 📡 Enriched BTCUSD: KER=0.96, BB_W=5.3186, RSI=6.4
2025-11-21 01:24:25,263 [INFO] [feature_engine]: 📡 Enriched BTCUSD: KER=0.96, BB_W=5.3186, RSI=6.4
2025-11-21 01:24:25,281 [INFO] [feature_engine]: 📡 Enriched ETHUSD: KER=0.95, BB_W=5.6572, RSI=7.9
2025-11-21 01:24:25,391 [INFO] [feature_engine]: 📡 Enriched ETHUSD: KER=0.95, BB_W=5.6572, RSI=7.9
2025-11-21 01:24:25,474 [INFO] [feature_engine]: 📡 Enriched SOLUSD: KER=0.98, BB_W=6.3541, RSI=5.9
2025-11-21 01:24:25,494 [INFO] [feature_engine]: 📡 Enriched BTCUSD: KER=0.96, BB_W=5.3186, RSI=6.4
2025-11-21 01:24:25,525 [INFO] [ws_manager]: 🛰️ WS Message: candlestick_15m
2025-11-21 01:24:25,526 [DEBUG] [feature_engine]: Updated BTCUSD 15m candle.
2025-11-21 01:24:25,528 [INFO] [ws_manager]: 🛰️ WS Message: candlestick_1d
2025-11-21 01:24:25,529 [DEBUG] [feature_engine]: Updated ETHUSD 1d candle.
2025-11-21 01:24:25,529 [INFO] [ws_manager]: 🛰️ WS Message: candlestick_15m
2025-11-21 01:24:25,529 [DEBUG] [feature_engine]: Updated ETHUSD 15m candle.
2025-11-21 01:24:25,530 [INFO] [ws_manager]: 🛰️ WS Message: candlestick_1h
2025-11-21 01:24:25,530 [DEBUG] [feature_engine]: Updated BTCUSD 1h candle.
2025-11-21 01:24:25,530 [INFO] [ws_manager]: 🛰️ WS Message: candlestick_1m
2025-11-21 01:24:25,531 [DEBUG] [feature_engine]: Updated ETHUSD 1m candle.
2025-11-21 01:24:25,533 [INFO] [ws_manager]: 🛰️ WS Message: candlestick_1m
2025-11-21 01:24:25,533 [DEBUG] [feature_engine]: Updated BTCUSD 1m candle.
2025-11-21 01:24:25,533 [INFO] [ws_manager]: 🛰️ WS Message: candlestick_1h
2025-11-21 01:24:25,534 [DEBUG] [feature_engine]: Updated ETHUSD 1h candle.
2025-11-21 01:24:25,534 [INFO] [ws_manager]: 🛰️ WS Message: candlestick_5m
2025-11-21 01:24:25,534 [DEBUG] [feature_engine]: Updated BTCUSD 5m candle.
2025-11-21 01:24:25,535 [INFO] [ws_manager]: 🛰️ WS Message: candlestick_5m
2025-11-21 01:24:25,535 [DEBUG] [feature_engine]: Updated ETHUSD 5m candle.
2025-11-21 01:24:25,535 [INFO] [ws_manager]: 🛰️ WS Message: candlestick_4h
2025-11-21 01:24:25,536 [DEBUG] [feature_engine]: Updated BTCUSD 4h candle.
2025-11-21 01:24:25,536 [INFO] [ws_manager]: 🛰️ WS Message: candlestick_4h
2025-11-21 01:24:25,536 [DEBUG] [feature_engine]: Updated ETHUSD 4h candle.
2025-11-21 01:24:25,536 [INFO] [ws_manager]: 🛰️ WS Message: candlestick_1d
2025-11-21 01:24:25,537 [DEBUG] [feature_engine]: Updated BTCUSD 1d candle.
2025-11-21 01:24:25,552 [INFO] [ws_manager]: 🛰️ WS Message: v2/spot_price
2025-11-21 01:24:25,553 [INFO] [ws_manager]: 🛰️ WS Message: v2/spot_price
2025-11-21 01:24:25,556 [INFO] [ws_manager]: 🛰️ WS Message: v2/spot_price
2025-11-21 01:24:25,586 [INFO] [feature_engine]: 📡 Enriched SOLUSD: KER=0.98, BB_W=6.3541, RSI=5.9
2025-11-21 01:24:25,642 [INFO] [feature_engine]: 📡 Enriched ETHUSD: KER=0.95, BB_W=5.6572, RSI=7.9
2025-11-21 01:24:25,689 [INFO] [feature_engine]: 📡 Enriched SOLUSD: KER=0.98, BB_W=6.3541, RSI=5.9
2025-11-21 01:24:25,734 [INFO] [feature_engine]: 📡 Enriched BTCUSD: KER=0.96, BB_W=5.3186, RSI=6.4
2025-11-21 01:24:25,752 [INFO] [feature_engine]: 📡 Enriched ETHUSD: KER=0.95, BB_W=5.6572, RSI=7.9
2025-11-21 01:24:25,912 [INFO] [feature_engine]: 📡 Enriched ETHUSD: KER=0.95, BB_W=5.6572, RSI=7.9
2025-11-21 01:24:25,985 [INFO] [feature_engine]: 📡 Enriched ETHUSD: KER=0.95, BB_W=5.6572, RSI=7.9
2025-11-21 01:24:26,025 [INFO] [ws_manager]: 🛰️ WS Message: candlestick_15m
2025-11-21 01:24:26,025 [DEBUG] [feature_engine]: Updated ETHUSD 15m candle.
2025-11-21 01:24:26,025 [INFO] [ws_manager]: 🛰️ WS Message: candlestick_1h
2025-11-21 01:24:26,027 [DEBUG] [feature_engine]: Updated ETHUSD 1h candle.
2025-11-21 01:24:26,027 [INFO] [ws_manager]: 🛰️ WS Message: candlestick_1m
2025-11-21 01:24:26,027 [DEBUG] [feature_engine]: Updated ETHUSD 1m candle.
2025-11-21 01:24:26,029 [INFO] [ws_manager]: 🛰️ WS Message: candlestick_1d
2025-11-21 01:24:26,029 [DEBUG] [feature_engine]: Updated ETHUSD 1d candle.
2025-11-21 01:24:26,029 [INFO] [ws_manager]: 🛰️ WS Message: candlestick_5m
2025-11-21 01:24:26,031 [DEBUG] [feature_engine]: Updated ETHUSD 5m candle.
2025-11-21 01:24:26,031 [INFO] [ws_manager]: 🛰️ WS Message: candlestick_4h
2025-11-21 01:24:26,032 [DEBUG] [feature_engine]: Updated ETHUSD 4h candle.
2025-11-21 01:24:26,080 [INFO] [feature_engine]: 📡 Enriched ETHUSD: KER=0.95, BB_W=5.6572, RSI=7.9
2025-11-21 01:24:26,104 [INFO] [feature_engine]: 📡 Enriched BTCUSD: KER=0.96, BB_W=5.3186, RSI=6.4
2025-11-21 01:24:26,118 [INFO] [feature_engine]: 📡 Enriched SOLUSD: KER=0.98, BB_W=6.3541, RSI=5.9
2025-11-21 01:24:26,164 [INFO] [feature_engine]: 📡 Enriched ETHUSD: KER=0.95, BB_W=5.6572, RSI=7.9
2025-11-21 01:24:26,168 [INFO] [feature_engine]: 📡 Enriched ETHUSD: KER=0.95, BB_W=5.6572, RSI=7.9
2025-11-21 01:24:26,196 [INFO] [feature_engine]: 📡 Enriched ETHUSD: KER=0.95, BB_W=5.6572, RSI=7.9
2025-11-21 01:24:26,199 [INFO] [feature_engine]: 📡 Enriched ETHUSD: KER=0.95, BB_W=5.6572, RSI=7.9
2025-11-21 01:24:26,214 [INFO] [feature_engine]: 📡 Enriched ETHUSD: KER=0.95, BB_W=5.6572, RSI=7.9
2025-11-21 01:24:26,241 [INFO] [feature_engine]: 📡 Enriched ETHUSD: KER=0.95, BB_W=5.6572, RSI=7.9
2025-11-21 01:24:26,253 [INFO] [feature_engine]: 📡 Enriched ETHUSD: KER=0.95, BB_W=5.6572, RSI=7.9
2025-11-21 01:24:26,267 [INFO] [feature_engine]: 📡 Enriched ETHUSD: KER=0.95, BB_W=5.6572, RSI=7.9
2025-11-21 01:24:26,270 [INFO] [feature_engine]: 📡 Enriched BTCUSD: KER=0.96, BB_W=5.3186, RSI=6.4
2025-11-21 01:24:26,299 [INFO] [feature_engine]: 📡 Enriched ETHUSD: KER=0.95, BB_W=5.6572, RSI=7.9
2025-11-21 01:24:26,302 [INFO] [feature_engine]: 📡 Enriched ETHUSD: KER=0.95, BB_W=5.6572, RSI=7.9
2025-11-21 01:24:26,328 [INFO] [feature_engine]: 📡 Enriched ETHUSD: KER=0.95, BB_W=5.6572, RSI=7.9
2025-11-21 01:24:26,342 [INFO] [feature_engine]: 📡 Enriched ETHUSD: KER=0.95, BB_W=5.6572, RSI=7.9
2025-11-21 01:24:26,355 [INFO] [feature_engine]: 📡 Enriched BTCUSD: KER=0.96, BB_W=5.3186, RSI=6.4
2025-11-21 01:24:26,370 [INFO] [feature_engine]: 📡 Enriched BTCUSD: KER=0.96, BB_W=5.3186, RSI=6.4
2025-11-21 01:24:26,385 [INFO] [feature_engine]: 📡 Enriched ETHUSD: KER=0.95, BB_W=5.6572, RSI=7.9
2025-11-21 01:24:26,428 [INFO] [feature_engine]: 📡 Enriched BTCUSD: KER=0.96, BB_W=5.3186, RSI=6.4
2025-11-21 01:24:26,445 [INFO] [feature_engine]: 📡 Enriched ETHUSD: KER=0.95, BB_W=5.6572, RSI=7.9
2025-11-21 01:24:26,525 [INFO] [ws_manager]: 🛰️ WS Message: candlestick_15m
2025-11-21 01:24:26,526 [DEBUG] [feature_engine]: Updated ETHUSD 15m candle.
2025-11-21 01:24:26,526 [INFO] [ws_manager]: 🛰️ WS Message: candlestick_1h
2025-11-21 01:24:26,526 [DEBUG] [feature_engine]: Updated ETHUSD 1h candle.
2025-11-21 01:24:26,528 [INFO] [ws_manager]: 🛰️ WS Message: candlestick_15m
2025-11-21 01:24:26,528 [DEBUG] [feature_engine]: Updated BTCUSD 15m candle.
2025-11-21 01:24:26,528 [INFO] [ws_manager]: 🛰️ WS Message: candlestick_1h
2025-11-21 01:24:26,529 [DEBUG] [feature_engine]: Updated BTCUSD 1h candle.
2025-11-21 01:24:26,529 [INFO] [ws_manager]: 🛰️ WS Message: candlestick_1m
2025-11-21 01:24:26,529 [DEBUG] [feature_engine]: Updated ETHUSD 1m candle.
2025-11-21 01:24:26,530 [INFO] [ws_manager]: 🛰️ WS Message: candlestick_1d
2025-11-21 01:24:26,530 [DEBUG] [feature_engine]: Updated BTCUSD 1d candle.
2025-11-21 01:24:26,533 [INFO] [ws_manager]: 🛰️ WS Message: candlestick_1m
2025-11-21 01:24:26,545 [INFO] [feature_engine]: 📡 Enriched BTCUSD: KER=0.96, BB_W=5.3186, RSI=6.4
2025-11-21 01:24:26,545 [DEBUG] [feature_engine]: Updated BTCUSD 1m candle.
2025-11-21 01:24:26,545 [INFO] [ws_manager]: 🛰️ WS Message: candlestick_4h
2025-11-21 01:24:26,545 [DEBUG] [feature_engine]: Updated ETHUSD 4h candle.
2025-11-21 01:24:26,545 [INFO] [ws_manager]: 🛰️ WS Message: candlestick_5m
2025-11-21 01:24:26,545 [DEBUG] [feature_engine]: Updated BTCUSD 5m candle.
2025-11-21 01:24:26,545 [INFO] [ws_manager]: 🛰️ WS Message: candlestick_5m
2025-11-21 01:24:26,545 [DEBUG] [feature_engine]: Updated ETHUSD 5m candle.
2025-11-21 01:24:26,549 [INFO] [ws_manager]: 🛰️ WS Message: candlestick_4h
2025-11-21 01:24:26,549 [DEBUG] [feature_engine]: Updated BTCUSD 4h candle.
2025-11-21 01:24:26,549 [INFO] [ws_manager]: 🛰️ WS Message: candlestick_1d
2025-11-21 01:24:26,550 [DEBUG] [feature_engine]: Updated ETHUSD 1d candle.
2025-11-21 01:24:26,552 [INFO] [ws_manager]: 🛰️ WS Message: v2/spot_price
2025-11-21 01:24:26,553 [INFO] [ws_manager]: 🛰️ WS Message: v2/spot_price
2025-11-21 01:24:26,566 [INFO] [feature_engine]: 📡 Enriched SOLUSD: KER=0.98, BB_W=6.3541, RSI=5.9
2025-11-21 01:24:26,568 [INFO] [ws_manager]: 🛰️ WS Message: v2/spot_price
2025-11-21 01:24:26,581 [INFO] [feature_engine]: 📡 Enriched ETHUSD: KER=0.95, BB_W=5.6572, RSI=7.9
2025-11-21 01:24:26,621 [INFO] [feature_engine]: 📡 Enriched ETHUSD: KER=0.95, BB_W=5.6572, RSI=7.9
2025-11-21 01:24:26,649 [INFO] [feature_engine]: 📡 Enriched ETHUSD: KER=0.95, BB_W=5.6572, RSI=7.9
2025-11-21 01:24:26,651 [INFO] [feature_engine]: 📡 Enriched ETHUSD: KER=0.95, BB_W=5.6572, RSI=7.9
2025-11-21 01:24:26,666 [INFO] [feature_engine]: 📡 Enriched ETHUSD: KER=0.95, BB_W=5.6572, RSI=7.9
2025-11-21 01:24:26,679 [INFO] [feature_engine]: 📡 Enriched ETHUSD: KER=0.95, BB_W=5.6572, RSI=7.9
2025-11-21 01:24:26,707 [INFO] [feature_engine]: 📡 Enriched SOLUSD: KER=0.98, BB_W=6.3541, RSI=5.9
2025-11-21 01:24:26,721 [INFO] [feature_engine]: 📡 Enriched BTCUSD: KER=0.96, BB_W=5.3186, RSI=6.4
2025-11-21 01:24:26,735 [INFO] [feature_engine]: 📡 Enriched SOLUSD: KER=0.98, BB_W=6.3541, RSI=5.9
2025-11-21 01:24:26,749 [INFO] [feature_engine]: 📡 Enriched BTCUSD: KER=0.96, BB_W=5.3186, RSI=6.4
2025-11-21 01:24:26,765 [INFO] [feature_engine]: 📡 Enriched ETHUSD: KER=0.95, BB_W=5.6572, RSI=7.9
2025-11-21 01:24:26,779 [INFO] [feature_engine]: 📡 Enriched BTCUSD: KER=0.96, BB_W=5.3186, RSI=6.4
2025-11-21 01:24:26,794 [INFO] [feature_engine]: 📡 Enriched SOLUSD: KER=0.98, BB_W=6.3541, RSI=5.9
2025-11-21 01:24:26,806 [INFO] [feature_engine]: 📡 Enriched ETHUSD: KER=0.95, BB_W=5.6572, RSI=7.9
2025-11-21 01:24:26,820 [INFO] [feature_engine]: 📡 Enriched BTCUSD: KER=0.96, BB_W=5.3186, RSI=6.4
2025-11-21 01:24:26,863 [INFO] [feature_engine]: 📡 Enriched SOLUSD: KER=0.98, BB_W=6.3541, RSI=5.9
2025-11-21 01:24:26,897 [INFO] [feature_engine]: 📡 Enriched ETHUSD: KER=0.95, BB_W=5.6572, RSI=7.9
2025-11-21 01:24:26,971 [INFO] [feature_engine]: 📡 Enriched SOLUSD: KER=0.98, BB_W=6.3541, RSI=5.9
2025-11-21 01:24:26,974 [INFO] [feature_engine]: 📡 Enriched ETHUSD: KER=0.95, BB_W=5.6572, RSI=7.9
2025-11-21 01:24:27,000 [INFO] [feature_engine]: 📡 Enriched ETHUSD: KER=0.95, BB_W=5.6572, RSI=7.9
2025-11-21 01:24:27,005 [INFO] [feature_engine]: 📡 Enriched ETHUSD: KER=0.95, BB_W=5.6572, RSI=7.9
2025-11-21 01:24:27,024 [INFO] [ws_manager]: 🛰️ WS Message: candlestick_15m
2025-11-21 01:24:27,025 [DEBUG] [feature_engine]: Updated SOLUSD 15m candle.
2025-11-21 01:24:27,026 [INFO] [ws_manager]: 🛰️ WS Message: candlestick_1d
2025-11-21 01:24:27,026 [DEBUG] [feature_engine]: Updated SOLUSD 1d candle.
2025-11-21 01:24:27,027 [INFO] [ws_manager]: 🛰️ WS Message: candlestick_1m
2025-11-21 01:24:27,027 [DEBUG] [feature_engine]: Updated SOLUSD 1m candle.
2025-11-21 01:24:27,027 [INFO] [ws_manager]: 🛰️ WS Message: candlestick_1h
2025-11-21 01:24:27,029 [DEBUG] [feature_engine]: Updated SOLUSD 1h candle.
2025-11-21 01:24:27,029 [INFO] [ws_manager]: 🛰️ WS Message: candlestick_4h
2025-11-21 01:24:27,029 [DEBUG] [feature_engine]: Updated SOLUSD 4h candle.
2025-11-21 01:24:27,029 [INFO] [ws_manager]: 🛰️ WS Message: candlestick_5m
2025-11-21 01:24:27,029 [DEBUG] [feature_engine]: Updated SOLUSD 5m candle.
2025-11-21 01:24:27,031 [INFO] [ws_manager]: 🛰️ WS Message: candlestick_1d
2025-11-21 01:24:27,031 [DEBUG] [feature_engine]: Updated ETHUSD 1d candle.
2025-11-21 01:24:27,031 [INFO] [ws_manager]: 🛰️ WS Message: candlestick_1m
2025-11-21 01:24:27,031 [DEBUG] [feature_engine]: Updated ETHUSD 1m candle.
2025-11-21 01:24:27,031 [INFO] [ws_manager]: 🛰️ WS Message: candlestick_15m
2025-11-21 01:24:27,033 [DEBUG] [feature_engine]: Updated ETHUSD 15m candle.
2025-11-21 01:24:27,033 [INFO] [ws_manager]: 🛰️ WS Message: candlestick_1d
2025-11-21 01:24:27,033 [DEBUG] [feature_engine]: Updated BTCUSD 1d candle.
2025-11-21 01:24:27,033 [INFO] [ws_manager]: 🛰️ WS Message: candlestick_1h
2025-11-21 01:24:27,035 [DEBUG] [feature_engine]: Updated ETHUSD 1h candle.
2025-11-21 01:24:27,035 [INFO] [ws_manager]: 🛰️ WS Message: candlestick_15m
2025-11-21 01:24:27,036 [DEBUG] [feature_engine]: Updated BTCUSD 15m candle.
2025-11-21 01:24:27,036 [INFO] [ws_manager]: 🛰️ WS Message: candlestick_1h
2025-11-21 01:24:27,036 [DEBUG] [feature_engine]: Updated BTCUSD 1h candle.
2025-11-21 01:24:27,037 [INFO] [ws_manager]: 🛰️ WS Message: candlestick_4h
2025-11-21 01:24:27,037 [DEBUG] [feature_engine]: Updated ETHUSD 4h candle.
2025-11-21 01:24:27,038 [INFO] [ws_manager]: 🛰️ WS Message: candlestick_1m
2025-11-21 01:24:27,038 [DEBUG] [feature_engine]: Updated BTCUSD 1m candle.
2025-11-21 01:24:27,038 [INFO] [ws_manager]: 🛰️ WS Message: candlestick_5m
2025-11-21 01:24:27,039 [DEBUG] [feature_engine]: Updated ETHUSD 5m candle.
2025-11-21 01:24:27,039 [INFO] [ws_manager]: 🛰️ WS Message: candlestick_4h
2025-11-21 01:24:27,040 [DEBUG] [feature_engine]: Updated BTCUSD 4h candle.
2025-11-21 01:24:27,042 [INFO] [ws_manager]: 🛰️ WS Message: candlestick_5m
2025-11-21 01:24:27,042 [DEBUG] [feature_engine]: Updated BTCUSD 5m candle.
2025-11-21 01:24:27,124 [INFO] [feature_engine]: 📡 Enriched ETHUSD: KER=0.95, BB_W=5.6572, RSI=7.9
2025-11-21 01:24:27,175 [INFO] [feature_engine]: 📡 Enriched SOLUSD: KER=0.98, BB_W=6.3541, RSI=5.9
2025-11-21 01:24:27,199 [INFO] [feature_engine]: 📡 Enriched ETHUSD: KER=0.95, BB_W=5.6572, RSI=7.9
2025-11-21 01:24:27,238 [INFO] [feature_engine]: 📡 Enriched BTCUSD: KER=0.96, BB_W=5.3186, RSI=6.4
2025-11-21 01:24:27,242 [INFO] [feature_engine]: 📡 Enriched ETHUSD: KER=0.95, BB_W=5.6572, RSI=7.9
2025-11-21 01:24:27,290 [INFO] [main]: 🛑 Main loop stopped by user (SIGINT).
2025-11-21 01:24:27,290 [INFO] [main]: 🔻 Received shutdown signal. Stopping supervisor...
2025-11-21 01:24:27,290 [INFO] [main]: 🔻 Shutting down all services...
2025-11-21 01:24:27,290 [INFO] [ws_manager]: WebSocketHandler cancelled.
2025-11-21 01:24:27,290 [INFO] [ws_manager]: 🔻 Closing WebSocketManager...
2025-11-21 01:24:27,290 [INFO] [ws_manager]: 🔻 WebSocketManager closed cleanly.
2025-11-21 01:24:27,290 [INFO] [feature_engine]: FeatureEngine listener task cancelled.
2025-11-21 01:24:27,290 [INFO] [ml_strategy]: ML Strategy cancelled.
2025-11-21 01:24:27,290 [INFO] [executor]: OrderExecutionManager cancelled.
2025-11-21 01:24:27,290 [INFO] [monitor]: Monitor cancelled.
2025-11-21 01:24:27,290 [INFO] [monitor]: 🔻 Monitor stopped cleanly.
2025-11-21 01:24:27,290 [INFO] [tsl_manager]: TSLManager cancelled.
2025-11-21 01:24:27,290 [INFO] [ws_manager]: Control message handler cancelled.
2025-11-21 01:24:27,290 [INFO] [feature_engine]: 🔻 FeatureEngine stopped cleanly.
2025-11-21 01:24:27,290 [INFO] [main]: 🔻 Health check server stopped
2025-11-21 01:24:27,295 [INFO] [main]: 🔻 HTTP session closed
2025-11-21 01:24:27,296 [INFO] [main]: 🔻 Redis connection closed
